t,elapsed_s,interval_s,ops,lat_n,lat_p50_ms,lat_p99_ms,lat_max_ms,conns,published,delivered,deliver_p50_ms,deliver_p99_ms,deliver_max_ms,sub_sessions,errors,err_verify,err_gap,err_io,err_connect,err_churn,err_publish,err_subscriber,probe_ms,dbsize,probe_error
1791399392.172,30.100,30.000,302460,120120,0.503,1.670,26.176,601,6006,30013,0.403,2.219,28.060,20,,,,,,,,,1.063,46636,
1791399422.169,60.100,30.000,298890,120000,0.519,1.932,51.784,600,6000,30008,0.418,2.568,50.524,25,,,,,,,,,1.925,63008,
1791399452.173,90.100,30.000,301605,120000,0.520,1.913,61.002,600,6000,30005,0.479,3.062,63.535,19,,,,,,,,,0.540,70143,
1791399482.174,120.100,30.000,298920,120000,0.527,1.852,14.795,600,6000,30008,0.536,3.926,10.426,16,,,,,,,,,1.905,73361,
1791399512.172,150.100,30.000,299520,120000,0.532,1.808,75.863,600,6000,30006,0.522,3.165,73.556,14,,,,,,,,,0.789,74425,
1791399542.174,180.100,30.000,297435,120000,0.539,2.207,192.254,600,6000,30006,0.468,3.804,188.887,16,,,,,,,,,0.650,74888,
1791399572.173,210.100,30.000,301740,120000,0.521,1.815,61.447,600,6000,30008,0.467,3.182,59.399,18,,,,,,,,,1.203,75152,
1791399602.181,240.100,30.000,301425,120000,0.517,1.665,56.387,600,6000,30009,0.407,3.005,55.376,24,,,,,,,,,3.001,75714,
1791399632.174,270.100,30.000,301605,120000,0.524,1.758,61.711,600,6000,30006,0.396,3.443,64.133,18,,,,,,,,,0.797,75355,
1791399662.174,300.100,30.000,299940,120000,0.517,1.718,73.756,600,6000,30007,0.422,3.308,72.788,17,,,,,,,,,2.043,75161,
1791399692.172,330.100,30.000,301620,120000,0.529,1.816,59.626,600,6000,30005,0.508,3.022,58.882,13,,,,,,,,,3.779,75462,
1791399722.173,360.100,30.000,301050,120000,0.546,1.968,67.194,600,6000,30011,0.485,3.552,64.470,22,,,,,,,,,0.458,75318,
1791399752.173,390.100,30.000,300240,120000,0.554,1.887,62.184,600,6000,30012,0.499,3.763,62.984,27,,,,,,,,,1.280,75398,
1791399782.180,420.100,30.000,298215,120000,0.534,1.727,63.154,600,6000,30009,0.522,3.459,63.276,22,,,,,,,,,2.805,75483,
1791399812.176,450.100,30.000,300045,120000,0.532,1.788,59.300,600,6000,30006,0.494,3.450,59.685,19,,,,,,,,,2.420,75331,
1791399842.188,480.100,30.000,297600,120000,0.544,1.998,59.969,600,6000,30010,0.509,3.464,57.649,22,,,,,,,,,0.647,75581,
1791399872.174,510.100,30.000,300090,120000,0.534,1.761,88.400,600,6000,30006,0.413,2.946,86.651,19,,,,,,,,,1.007,75288,
1791399902.178,540.100,30.000,298425,120000,0.539,1.718,60.217,600,6000,30009,0.457,3.341,58.494,22,,,,,,,,,0.729,75511,
1791399932.174,570.100,30.000,299610,120000,0.529,1.794,62.929,600,6000,30009,0.411,3.446,63.694,24,,,,,,,,,1.130,75142,
1791399962.174,600.100,30.000,299355,120000,0.528,1.748,57.948,600,6000,30008,0.407,3.284,59.615,17,,,,,,,,,0.805,75479,
1791399992.172,630.100,30.000,302010,120000,0.529,1.784,61.850,600,6000,30008,0.408,3.273,57.181,22,,,,,,,,,0.697,75933,
1791400022.174,660.100,30.000,299957,119972,0.530,1.673,58.053,600,6000,30009,0.412,3.196,54.752,29,,,,,,,,,0.699,74870,
1791400052.172,690.100,30.000,298693,120028,0.528,1.810,89.044,600,6000,30007,0.402,3.113,86.499,21,,,,,,,,,1.038,75530,
1791400082.174,720.100,30.000,299640,120000,0.542,1.744,72.067,600,6000,30006,0.418,3.355,72.820,16,,,,,,,,,1.107,75652,
1791400112.178,750.100,30.000,299520,120000,0.540,1.822,67.747,600,6000,30001,0.413,3.489,69.156,7,,,,,,,,,0.864,75518,
1791400142.172,780.100,30.000,300615,120000,0.541,1.868,62.231,600,6000,30008,0.413,3.211,58.728,17,,,,,,,,,0.358,75177,
1791400172.172,810.100,30.000,299640,120000,0.544,1.926,61.422,600,6000,30011,0.466,3.227,61.895,26,,,,,,,,,0.898,75264,
1791400202.172,840.100,30.000,299985,120000,0.528,1.791,80.715,600,6000,30004,0.459,3.212,79.264,15,,,,,,,,,1.851,75192,
1791400232.174,870.100,30.000,299250,120000,0.543,1.849,67.858,600,6000,30008,0.446,3.514,65.361,20,,,,,,,,,0.510,75144,
1791400262.179,900.100,30.000,300900,120000,0.532,1.711,74.598,600,6000,30005,0.404,3.429,73.451,16,,,,,,,,,1.731,75284,
1791400292.174,930.100,30.000,299010,120000,0.531,1.812,66.009,600,6000,30007,0.404,3.096,61.568,17,,,,,,,,,1.862,75332,
1791400322.176,960.100,30.000,299580,120000,0.526,1.760,72.702,600,6000,30006,0.414,3.624,72.517,22,,,,,,,,,2.099,75258,
1791400352.175,990.100,30.000,303420,120000,0.554,1.861,75.849,600,6000,30006,0.430,3.390,70.692,20,,,,,,,,,1.345,75314,
1791400382.174,1020.100,30.000,297240,120000,0.516,1.602,70.911,600,6000,30006,0.388,2.686,69.345,22,,,,,,,,,0.441,75292,
1791400412.173,1050.100,30.000,298065,120000,0.528,1.698,59.204,600,6000,30008,0.414,3.042,55.873,20,,,,,,,,,1.177,75557,
1791400442.174,1080.100,30.000,302504,119984,0.533,1.720,72.105,600,6000,30004,0.438,3.358,70.397,22,,,,,,,,,0.853,75538,
1791400472.181,1110.100,30.000,301396,120016,0.529,1.733,58.219,600,6000,30011,0.399,2.862,54.062,23,,,,,,,,,2.284,75384,
1791400502.174,1140.100,30.000,298560,120000,0.525,1.707,61.835,600,6000,30004,0.392,3.198,59.314,17,,,,,,,,,1.244,75529,
1791400532.173,1170.100,30.000,300180,120000,0.536,1.814,66.377,600,6000,30007,0.449,3.470,63.961,22,,,,,,,,,0.861,75520,
1791400562.174,1200.100,30.000,299520,120000,0.535,1.832,62.891,600,6000,30008,0.461,3.377,66.548,18,,,,,,,,,1.658,75346,
1791400592.172,1230.100,30.000,299145,120000,0.529,1.816,58.339,600,6000,30007,0.461,3.003,54.927,21,,,,,,,,,3.697,75556,
1791400622.174,1260.100,30.000,300150,120000,0.523,1.798,63.987,600,6000,30010,0.387,2.961,65.187,24,,,,,,,,,0.355,75042,
1791400652.174,1290.100,30.000,301965,120000,0.521,1.672,73.479,600,6000,30011,0.417,2.768,70.574,19,,,,,,,,,1.198,75646,
1791400682.177,1320.100,30.000,299865,120000,0.531,1.868,56.536,600,6000,30003,0.434,4.130,56.347,21,,,,,,,,,1.712,75220,
1791400712.174,1350.100,30.000,300285,120000,0.539,1.836,64.493,600,6000,30012,0.441,3.167,62.110,29,,,,,,,,,1.364,75676,
1791400742.177,1380.100,30.000,300090,120000,0.529,1.777,58.559,600,6000,30002,0.486,3.215,58.989,10,,,,,,,,,2.899,75918,
1791400772.173,1410.100,30.000,300555,120000,0.525,1.729,71.640,600,6000,30010,0.489,2.988,69.415,23,,,,,,,,,0.703,75779,
1791400802.173,1440.100,30.000,300990,120000,0.525,1.761,57.356,600,6000,30006,0.444,3.465,58.682,24,,,,,,,,,2.101,75641,
1791400832.170,1470.100,30.000,298680,120000,0.543,2.966,71.428,600,6000,30009,0.516,4.571,68.476,26,,,,,,,,,1.066,75058,
1791400862.175,1500.100,30.000,298665,120000,0.533,1.758,60.365,600,6000,30003,0.432,3.140,59.736,14,,,,,,,,,2.264,75490,
1791400892.174,1530.100,30.000,297450,120000,0.538,1.992,68.363,600,6000,30005,0.463,3.575,67.585,19,,,,,,,,,0.588,75575,
1791400922.172,1560.100,30.000,297510,120000,0.529,1.727,60.773,600,6000,30008,0.402,3.112,61.224,20,,,,,,,,,1.072,75303,
1791400952.173,1590.100,30.000,300210,120000,0.527,1.716,61.048,600,6000,30010,0.414,3.547,61.233,27,,,,,,,,,2.316,75293,
1791400982.177,1620.100,30.000,298980,120000,0.548,1.886,65.700,600,6000,30007,0.524,3.744,64.018,22,,,,,,,,,0.851,75331,
1791401012.178,1650.100,30.000,300630,120000,0.538,1.837,66.429,600,6000,30010,0.423,3.018,65.396,23,,,,,,,,,1.119,75478,
1791401042.178,1680.100,30.000,296310,120000,0.551,1.915,69.660,600,6000,30006,0.428,3.325,69.944,15,,,,,,,,,0.502,75387,
1791401072.176,1710.100,30.000,301230,120000,0.551,1.852,57.973,600,6000,30005,0.406,4.035,60.427,24,,,,,,,,,1.575,75807,
1791401102.178,1740.100,30.000,300630,120000,0.534,1.819,78.732,600,6000,30008,0.407,3.328,77.101,25,,,,,,,,,1.463,75312,
1791401132.175,1770.100,30.000,299985,120000,0.556,1.898,64.882,600,6000,30006,0.436,3.594,63.770,20,,,,,,,,,1.403,75359,
1791401162.172,1800.100,30.000,299295,120000,0.547,1.820,62.501,600,6000,30007,0.412,3.002,62.346,19,,,,,,,,,1.045,75510,
1791401192.182,1830.100,30.000,300043,119998,0.545,2.500,226.547,600,6000,30007,0.440,4.173,397.760,20,,,,,,,,,1.266,75548,
1791401222.175,1860.100,30.000,300272,120002,0.537,1.781,74.076,600,6000,30014,0.401,3.376,69.425,25,,,,,,,,,0.774,75786,
1791401252.174,1890.100,30.000,298260,120000,0.510,1.625,57.699,600,6000,30007,0.389,3.026,57.093,20,,,,,,,,,0.192,75282,
1791401282.174,1920.100,30.000,299805,120000,0.528,1.751,59.438,600,6000,30008,0.407,3.239,59.988,19,,,,,,,,,0.555,75196,
1791401312.176,1950.100,30.000,300915,120000,0.515,1.687,57.826,600,6000,30005,0.470,3.482,57.171,21,,,,,,,,,0.648,75311,
1791401342.176,1980.100,30.000,300210,120000,0.529,1.853,58.347,600,6000,30007,0.486,3.744,63.746,20,,,,,,,,,1.522,75788,
1791401372.175,2010.100,30.000,297675,120000,0.533,1.772,61.789,600,6000,30004,0.478,2.800,60.791,13,,,,,,,,,1.621,75120,
1791401402.176,2040.100,30.000,301725,120000,0.526,1.711,78.272,600,6000,30008,0.389,3.386,76.798,26,,,,,,,,,0.848,75223,
1791401432.174,2070.100,30.000,300810,120000,0.526,1.695,62.401,600,6000,30007,0.420,3.091,58.864,29,,,,,,,,,1.492,75746,
1791401462.180,2100.100,30.000,303150,120000,0.532,1.742,61.676,600,6000,30008,0.478,3.369,58.729,25,,,,,,,,,3.005,75284,
1791401492.176,2130.100,30.000,301245,120000,0.517,1.724,68.305,600,6000,30008,0.395,3.273,68.514,21,,,,,,,,,0.699,75780,
1791401522.173,2160.100,30.000,299565,120000,0.538,1.897,59.260,600,6000,30003,0.511,3.187,59.499,14,,,,,,,,,1.572,75216,
1791401552.174,2190.100,30.000,298350,120000,0.534,1.860,60.434,600,6000,30014,0.525,3.374,59.290,25,,,,,,,,,1.435,75289,
1791401582.173,2220.100,30.000,300735,120000,0.525,1.663,61.886,600,6000,30007,0.418,3.145,58.899,18,,,,,,,,,0.947,75542,
1791401612.185,2250.100,30.000,298530,120000,0.523,1.644,76.033,600,6000,30006,0.391,3.098,76.808,15,,,,,,,,,1.834,75599,
1791401642.174,2280.100,30.000,301245,120000,0.537,1.824,63.203,600,6000,30008,0.402,3.362,61.065,24,,,,,,,,,1.057,75367,
1791401672.174,2310.100,30.000,300030,120000,0.522,1.745,72.560,600,6000,30006,0.416,2.993,69.888,27,,,,,,,,,1.098,75208,
1791401702.172,2340.100,30.000,302835,120000,0.544,1.891,70.458,600,6000,30010,0.448,3.343,67.571,22,,,,,,,,,0.576,75409,
1791401732.173,2370.100,30.000,297960,120000,0.524,1.738,56.124,600,6000,30011,0.399,3.271,56.638,23,,,,,,,,,0.845,75750,
1791401762.183,2400.100,30.000,297960,120000,0.517,1.690,61.208,600,6000,30006,0.403,3.424,57.302,22,,,,,,,,,0.562,75330,
1791401792.173,2430.100,30.000,301605,120000,0.529,1.830,78.123,600,6000,30002,0.419,2.972,78.981,14,,,,,,,,,1.784,75507,
1791401822.173,2460.100,30.000,299595,120000,0.529,1.733,67.705,600,6000,30005,0.395,3.749,65.031,23,,,,,,,,,1.024,75217,
1791401852.175,2490.100,30.000,298605,120000,0.520,1.657,58.718,600,6000,30007,0.485,3.306,60.437,18,,,,,,,,,0.320,75571,
1791401882.174,2520.100,30.000,299190,120000,0.522,1.710,57.307,600,6000,30004,0.417,2.666,53.895,17,,,,,,,,,1.285,75145,
1791401912.172,2550.100,30.000,301920,120000,0.518,1.644,64.284,600,6000,30007,0.438,3.459,61.975,22,,,,,,,,,0.890,75142,
1791401942.175,2580.100,30.000,302475,120000,0.523,1.798,57.819,600,6000,30008,0.503,3.398,56.580,22,,,,,,,,,0.410,75364,
1791401972.173,2610.100,30.000,301710,120000,0.512,1.767,71.395,600,6000,30006,0.643,3.458,72.528,28,,,,,,,,,1.223,75387,
1791402002.182,2640.100,30.000,299535,120000,0.527,1.857,77.311,600,6000,30013,0.600,3.676,9.484,27,,,,,,,,,0.585,75029,
1791402032.173,2670.100,30.000,300675,120000,0.502,1.597,58.581,600,6000,30005,0.398,3.539,58.187,19,,,,,,,,,0.807,75713,
1791402062.188,2700.100,30.000,301155,120000,0.523,1.755,57.033,600,6000,30006,0.488,3.389,57.383,14,,,,,,,,,1.169,75296,
1791402092.176,2730.100,30.000,298140,120000,0.530,1.766,61.473,600,6000,30007,0.401,3.036,60.806,16,,,,,,,,,1.888,75000,
1791402122.173,2760.100,30.000,301185,120000,0.528,1.808,65.487,600,6000,30006,0.447,3.051,65.207,15,,,,,,,,,1.407,75465,
1791402152.177,2790.100,30.000,301680,120000,0.527,1.889,67.304,600,6000,30008,0.453,3.464,69.149,18,,,,,,,,,0.554,75281,
1791402182.174,2820.100,30.000,300315,120000,0.526,2.157,74.125,600,6000,30005,0.462,3.810,73.268,18,,,,,,,,,1.292,75492,
1791402212.175,2850.100,30.000,300330,120000,0.526,1.842,69.257,600,6000,30005,0.592,3.453,66.432,21,,,,,,,,,1.261,75586,
1791402242.269,2880.200,30.020,299339,119504,0.542,2.711,71.537,598,5977,29882,0.539,4.260,152.052,23,,,,,,,,,2.466,75310,
1791402272.172,2910.100,29.980,302401,120496,0.525,1.949,169.993,602,6023,30132,0.490,3.563,107.142,31,,,,,,,,,0.823,75440,
1791402302.173,2940.100,30.000,299265,120000,0.518,1.658,69.514,600,6000,30008,0.453,3.220,71.013,23,,,,,,,,,0.758,75146,
1791402332.170,2970.100,30.000,300390,120000,0.518,1.766,66.385,600,6000,30008,0.406,3.703,65.290,16,,,,,,,,,0.569,75151,
1791402362.173,3000.100,30.000,301890,120000,0.536,1.954,114.651,600,6000,30003,0.438,3.938,115.002,15,,,,,,,,,0.932,75117,
1791402392.177,3030.100,30.000,299460,120000,0.537,1.811,75.836,600,6000,30007,0.492,3.001,76.813,21,,,,,,,,,1.214,75844,
1791402422.174,3060.100,30.000,298425,120000,0.528,1.753,63.434,600,6000,30014,0.445,3.112,64.983,28,,,,,,,,,2.023,75390,
1791402452.176,3090.100,30.000,301500,120000,0.533,2.074,339.411,600,6000,30002,0.448,3.689,352.177,15,,,,,,,,,1.903,76043,
1791402482.176,3120.100,30.000,303465,120000,0.542,1.850,77.971,600,6000,30007,0.441,3.640,76.847,18,,,,,,,,,1.440,75638,
1791402512.175,3150.100,30.000,301028,119933,0.527,1.742,60.559,600,5997,29991,0.477,3.369,60.447,17,,,,,,,,,11.178,75268,
1791402542.173,3180.100,30.000,302257,120067,0.532,1.814,63.252,600,6003,30020,0.447,3.322,61.636,17,,,,,,,,,2.017,75644,
1791402572.176,3210.100,30.000,300780,120000,0.527,1.835,77.324,600,6000,30004,0.448,3.661,76.296,20,,,,,,,,,3.043,75368,
1791402602.172,3240.100,30.000,302595,120000,0.544,1.832,61.417,600,6000,30009,0.457,3.519,61.443,22,,,,,,,,,0.893,75435,
1791402632.173,3270.100,30.000,298905,120000,0.525,1.895,138.871,600,6000,30004,0.543,3.988,137.427,17,,,,,,,,,2.346,75524,
1791402662.171,3300.100,30.000,300195,120000,0.517,1.789,58.857,600,6000,30009,0.581,3.482,57.699,20,,,,,,,,,0.464,75483,
1791402692.175,3330.100,30.000,303450,120000,0.522,1.740,57.756,600,6000,30009,0.475,3.046,55.710,23,,,,,,,,,1.367,75325,
1791402722.171,3360.100,30.000,301125,120000,0.526,1.889,78.018,600,6000,30003,0.433,3.345,73.673,8,,,,,,,,,1.359,75172,
1791402752.172,3390.100,30.000,297180,120000,0.507,1.795,96.326,600,6000,30009,0.448,3.345,61.042,21,,,,,,,,,1.873,75059,
1791402782.171,3420.100,30.000,301005,120000,0.520,1.736,74.402,600,6000,30010,0.459,3.475,70.486,23,,,,,,,,,2.065,75219,
1791402812.179,3450.100,30.000,297900,120000,0.524,1.690,82.553,600,6000,30006,0.440,3.104,83.683,17,,,,,,,,,1.446,75337,
1791402842.173,3480.100,30.000,302265,120000,0.513,1.654,58.113,600,6000,30011,0.373,3.125,57.882,21,,,,,,,,,0.497,75435,
1791402872.174,3510.100,30.000,299565,120000,0.526,1.794,85.326,600,6000,30004,0.386,2.929,82.028,21,,,,,,,,,1.106,75562,
1791402902.174,3540.100,30.000,299850,120000,0.510,1.679,59.181,600,6000,30007,0.459,3.252,60.371,21,,,,,,,,,0.595,75204,
1791402932.176,3570.100,30.000,299370,120000,0.538,2.014,67.457,600,6000,30004,0.550,3.831,63.922,14,,,,,,,,,0.381,75102,
1791402962.648,3600.500,30.470,297826,119896,0.541,1.890,71.321,600,5995,29981,0.534,3.963,69.260,32,,,,,,,,,0.192,74610,
