"test","rps","avg_latency_ms","min_latency_ms","p50_latency_ms","p95_latency_ms","p99_latency_ms","max_latency_ms"
"PING_INLINE","173611.12","0.228","0.048","0.199","0.423","0.687","1.207"
"PING_MBULK","178890.88","0.220","0.016","0.199","0.391","0.551","5.079"
"SET","112612.61","0.418","0.120","0.359","0.807","1.207","5.791"
"GET","120772.95","0.387","0.128","0.351","0.647","0.799","11.399"
"INCR","106269.93","0.444","0.120","0.359","0.727","2.135","9.911"
"LPUSH","118623.96","0.395","0.128","0.351","0.695","1.303","7.943"
"RPUSH","111482.72","0.422","0.120","0.351","0.735","1.359","35.359"
"LPOP","126262.62","0.369","0.120","0.351","0.623","0.783","7.719"
"RPOP","123001.23","0.380","0.128","0.351","0.639","0.799","7.383"
"SADD","109769.48","0.429","0.120","0.367","0.759","1.591","8.791"
"HSET","107642.62","0.438","0.136","0.367","0.823","1.207","30.527"
"SPOP","114942.53","0.408","0.120","0.367","0.695","1.303","11.535"
"LPUSH (needed to benchmark LRANGE)","112485.94","0.417","0.128","0.351","0.719","1.375","32.863"
"LRANGE_100 (first 100 elements)","44642.86","1.057","0.376","1.007","1.343","1.735","10.167"
"LRANGE_600 (first 600 elements)","9968.10","4.950","3.976","4.783","5.359","5.967","41.183"
"MSET (10 keys)","62266.50","0.779","0.144","0.639","1.039","4.719","44.383"
