elapsed_s,rss_kb
0,19360
1,508592
1,1266432
2,1480032
2,1480032
3,1497264
3,1499088
4,1499088
4,1499104
5,1499104
5,1499104
6,1499488
6,1499488
7,1499552
7,1499552
8,1499696
8,1499696
9,1516000
9,1516000
10,1516000
10,1516000
11,1516000
11,1516000
12,1516000
12,1516000
13,1516000
13,1516000
14,1516000
14,1516000
15,1516000
15,1516000
16,1516000
16,1516000
17,1516000
17,1516000
18,1516000
19,1516000
19,1516000
20,1516000
20,1516000
21,1516000
21,1516000
22,1516000
22,1516016
23,1516016
23,1516016
24,1516016
24,1516016
25,1516016
25,1516016
26,1516016
26,1516016
27,1516016
27,1516016
28,1516016
28,1516016
29,1516016
29,1516016
30,1516016
30,1516016
31,1516016
31,1516016
32,1516016
32,1516016
33,1516016
33,1516016
34,1516016
34,1516016
35,1516016
35,1516272
36,289872
37,210592
37,210592
38,210592
38,210592
39,210592
39,210592
40,210592
40,210592
41,210592
41,210592
42,210592
42,210592
43,210592
43,210592
44,210592
44,210592
45,210592
45,210592
46,210592
46,210592
47,210592
47,210592
48,210592
48,210592
49,210592
49,210592
50,210592
50,210592
51,210592
51,210592
52,210592
52,210592
53,210592
54,210592
54,210592
55,210592
55,210592
56,210592
56,210592
57,210592
57,210592
58,210592
58,210592
59,210592
59,210592
60,210592
60,210592
61,210592
61,210592
62,210592
62,210592
63,210592
63,210592
64,210592
64,210592
65,210592
65,252992
66,868768
66,1500048
67,1500048
67,1516304
68,1516304
68,1516304
69,1516304
69,1516304
70,1516304
71,1516304
71,1516304
72,1516304
72,1516304
73,1516304
73,1499920
74,1499920
74,1499920
75,1499920
75,1499920
76,1499920
76,1499920
77,1499920
77,1499920
78,1499920
78,1499920
79,1499920
79,1499920
80,1499920
80,1499920
81,1499920
81,1499920
82,1499920
82,1499920
83,1499920
83,1499920
84,1499920
84,1499920
85,1499920
85,1499920
86,1499920
86,1499920
87,1499920
88,1499920
88,1499920
89,1499920
89,1499920
90,1499920
90,1499920
91,1499920
91,1499920
92,1499920
92,1499920
93,1499920
93,1499920
94,1499920
94,1499920
95,1499920
95,1499920
96,1499920
96,1499920
97,1499920
97,1499920
98,1499920
98,1499920
99,1499920
99,1499920
100,1499920
100,1499920
101,1499920
101,1499920
102,1499920
102,1499920
103,1499920
103,1499920
104,1499920
104,1499920
105,1499920
106,1499920
106,1499920
107,1499920
107,1499920
108,1499920
108,1499920
109,1499920
109,1499920
110,1499920
110,1499920
111,1499920
111,1499920
112,1499920
112,1499920
113,1499920
113,1499920
114,1499920
114,1499920
115,1499920
115,1499920
116,1499920
116,1499920
117,1499920
117,1499920
118,1499920
118,1499920
119,1499920
119,1499920
120,1499920
120,1499920
121,1499920
121,1499920
122,1499920
123,1499920
123,1499920
124,1499920
124,1499920
125,1499920
125,1499920
126,1499920
126,1499920
127,1499920
127,1499920
128,1499920
128,1499920
129,1499920
129,1499920
130,1499920
130,1499920
131,1499920
131,1499920
132,1499920
132,1499920
133,1499920
133,1499920
134,1499920
134,1499920
135,1499920
135,1499920
136,1499920
136,1499920
137,1499920
137,1499920
138,1499920
138,1499920
139,1499920
140,1499920
140,1499920
141,1499920
141,1499920
142,1499920
142,1499920
143,1499920
143,1499920
144,1499920
144,1499920
145,1499920
145,1499920
146,1499920
146,1499920
147,1499920
147,1499920
148,1499920
148,1499920
149,1499920
149,1499920
150,1499920
150,1499920
151,1499920
151,1499920
152,1499920
152,1499920
153,1499920
153,1499920
154,1499920
154,1499920
155,1499920
155,1499920
156,1499920
157,1499920
157,1499920
158,1499920
158,1499920
159,1499920
159,1499920
160,1499920
160,1499920
161,1499920
161,1499920
162,1499920
162,1499920
163,1499920
163,1499920
164,1499920
164,1499920
165,1499920
165,1499920
166,1499920
166,1499920
167,1499920
167,1499920
168,1499920
168,1499920
169,1499920
169,1499920
170,1499920
170,1499920
171,1499920
171,1499920
172,1499920
172,1499920
173,1499920
173,1499920
174,1499920
175,1499920
175,1499920
176,1499920
176,1499920
177,1499920
177,1499920
178,1499920
178,1499920
179,1499920
179,1499920
180,1499920
180,1499920
181,1499920
181,1499920
182,1499920
182,1499920
183,1499920
183,1499920
184,1499920
184,1499920
185,1499920
185,1499920
186,1499920
186,1499920
187,1499920
187,1499920
188,1499920
188,1499920
189,1499920
189,1499920
190,1499920
190,1499920
191,1499920
191,1499920
192,1499920
193,1499920
193,1499920
194,1499920
194,1499920
195,1499920
195,1499920
196,1499920
196,1499920
197,1499920
197,1499920
198,1499920
198,1499920
199,1499920
199,1499920
200,1499920
200,1499920
201,1499920
201,1499920
202,1499920
202,1499920
203,1499920
203,1499920
204,1499920
204,1499920
205,1499920
205,1499920
206,1499920
206,1499920
207,1499920
207,1499920
208,1499920
208,1499920
209,1499920
209,1499920
210,1499920
211,1499920
211,1499920
212,1499920
212,1499920
213,1499920
213,1499920
214,1499920
214,1499920
215,1499920
215,1499920
216,1499920
216,1499920
217,1499920
217,1499920
218,1499920
218,1499920
219,1499920
219,1499920
220,1499920
220,1499920
221,1499920
221,1499920
222,1499920
222,1499920
223,1499920
223,1499920
224,1499920
224,1499920
225,1499920
225,1499920
226,1499920
226,1499920
227,1499920
227,1499920
228,1499920
229,1499920
229,1499920
230,1499920
230,1499920
231,1499920
231,1499920
232,1499920
232,1499920
233,1499920
233,1499920
234,1499920
234,1499920
235,1499920
235,1499920
236,1499920
236,1499920
237,1499920
237,1499920
238,1499920
238,1499920
239,1499920
239,1499920
240,1499920
240,1499920
241,1499920
241,1499920
242,1499920
242,1499920
243,1499920
243,1499920
244,1499920
244,1499920
245,1499920
245,1499920
246,1499920
247,1499920
247,1499920
248,1499920
248,1499920
249,1499920
249,1499920
250,1499920
250,1499920
251,1499920
251,1499920
252,1499920
252,1499920
253,1499920
253,1499920
254,1499920
254,1499920
255,1499920
255,1499920
256,1499920
256,1499920
257,1499920
257,1499920
258,1499920
258,1499920
259,1499920
259,1499920
260,1499920
260,1499920
261,1499920
261,1499920
262,1499920
262,1499920
263,1499920
263,1499920
264,1499920
265,1499920
265,1499920
266,1499920
266,1499920
267,1499920
267,1499920
268,1499920
268,1499920
269,1499920
269,1499920
270,1499920
270,1499920
271,1499920
271,1499920
272,1499920
272,1499920
273,1499920
273,1499920
274,1499920
274,1499920
275,1499920
275,1499920
276,1499920
276,1499920
277,1499920
277,1499920
278,1499920
278,1499920
279,1499920
279,1499920
280,1499920
280,1499920
281,1499920
282,1499920
282,1499920
283,1499920
283,1499920
284,1499920
284,1499920
285,1499920
285,1499920
286,1499920
286,1499920
287,1499920
287,1499920
288,1499920
288,1499920
289,1499920
289,1499920
290,1499920
290,1499920
291,1499920
291,1499920
292,1499920
292,1499920
293,1499920
293,1499920
294,1499920
294,1499920
295,1499920
295,1499920
296,1499920
296,1499920
297,1499920
297,1499920
298,1499920
298,1499920
299,1499920
300,1499920
300,1499920
301,1499920
301,1499920
302,1499920
302,1499920
303,1499920
303,1499920
304,1499920
304,1499920
305,1499920
305,1499920
306,1499920
306,1499920
307,1499920
307,1499920
308,1499920
308,1499920
309,1499920
309,1499920
310,1499920
310,1499920
311,1499920
311,1499920
312,1499920
312,1499920
313,1499920
313,1499920
314,1499920
314,1499920
315,1499920
315,1499920
316,1499920
317,1499920
317,1499920
318,1499920
318,1499920
319,1499920
319,1499920
320,1499920
320,1499920
321,1499920
321,1499920
322,1499920
322,1499920
323,1499920
323,1499920
324,1499920
324,1499920
325,1499920
325,1499920
326,1499920
326,1499920
327,1499920
327,1499920
328,1499920
328,1499920
329,1499920
329,1499920
330,1499920
330,1499920
331,1499920
331,1499920
332,1499920
332,1499920
333,1499920
333,1499920
334,1499920
335,1499920
335,1499920
336,1499920
336,1499920
337,1499920
337,1499920
338,1499920
338,1499920
339,1499920
339,1499920
340,1499920
340,1499920
341,1499920
341,1499920
342,1499920
342,1499920
343,1499920
343,1499920
344,1499920
344,1499920
345,1499920
345,1499920
346,1499920
346,1499920
347,1499920
347,1499920
348,1499920
348,1499920
349,1499920
349,1499920
350,1499920
350,1499920
351,1499920
351,1499920
352,1499920
353,1499920
353,1499920
354,1499920
354,1499920
355,1499920
355,1499920
356,1499920
356,1499920
357,1499920
357,1499920
358,1499920
358,1499920
359,1499920
359,1499920
360,1499920
360,1499920
361,1499920
361,1499920
362,1499920
362,1499920
363,1499920
363,1499920
364,1499920
364,1499920
365,1499920
365,1499936
366,1499984
366,1938736
367,2644016
367,2712992
368,2773504
368,2775600
369,3062464
370,3109152
370,3116128
371,3116144
371,3304096
372,3386384
372,3387376
373,3387808
373,3387824
374,3405664
374,3405840
375,3405984
375,3406000
