t,elapsed_s,interval_s,reads,read_n,read_p50_ms,read_p99_ms,read_max_ms,writes,write_p50_ms,write_p99_ms,write_max_ms,conns,rows,errors,err_verify,err_status,err_io,probe_ms,probe_error
1791406594.440,30.000,30.000,6305,6305,1.156,4.816,7.527,601,1.978,4.754,7.078,301,99,,,,,0.527,
1791406624.440,60.000,30.000,6298,6298,1.374,5.375,21.188,600,2.175,5.049,21.060,299,100,,,,,0.936,
1791406654.440,90.000,30.000,6301,6301,1.352,5.210,32.018,600,1.968,4.741,23.480,300,100,,,,,0.441,
1791406684.440,120.000,30.000,6301,6301,1.330,5.145,22.488,600,1.988,4.463,11.884,301,100,,,,,0.505,
1791406714.441,150.000,30.000,6298,6298,1.374,5.167,9.125,599,2.007,4.778,20.204,299,100,,,,,1.152,
1791406744.440,180.000,30.000,6302,6302,1.357,5.156,8.756,601,2.037,4.672,18.712,301,97,,,,,0.420,
1791406774.440,210.000,30.000,6298,6298,1.407,5.178,7.512,600,2.009,4.790,8.221,299,99,,,,,1.596,
1791406804.440,240.000,30.000,6302,6302,1.360,4.955,35.983,600,1.958,4.087,5.064,301,100,,,,,0.525,
1791406834.441,270.000,30.000,6300,6300,1.355,5.015,12.405,600,1.984,4.317,5.450,300,100,,,,,0.539,
1791406864.440,300.000,30.000,6299,6299,1.390,5.128,6.978,600,2.040,4.731,5.152,299,100,,,,,0.562,
1791406894.441,330.000,30.000,6298,6298,1.382,5.128,7.379,600,2.079,4.373,4.749,300,99,,,,,1.192,
1791406924.441,360.000,30.000,6303,6303,1.431,5.451,13.049,600,2.057,4.732,11.456,301,98,,,,,0.523,
1791406954.441,390.000,30.000,6300,6300,1.373,5.110,7.147,600,2.017,4.514,5.048,300,99,,,,,0.472,
1791406984.440,420.000,30.000,6300,6300,1.434,5.386,7.617,600,2.107,4.474,4.981,300,100,,,,,0.397,
1791407014.441,450.000,30.000,6299,6299,1.382,5.146,7.753,600,2.035,4.595,5.061,299,99,,,,,0.545,
1791407044.440,480.000,30.000,6301,6301,1.411,5.246,39.087,600,2.026,4.712,36.745,301,99,,,,,0.434,
1791407074.441,510.000,30.000,6300,6300,1.337,5.059,7.479,600,1.926,4.568,4.823,300,99,,,,,0.536,
1791407104.441,540.000,30.000,6300,6300,1.340,4.999,21.841,600,1.943,4.520,4.830,300,99,,,,,0.501,
1791407134.441,570.000,30.000,6300,6300,1.397,5.034,13.728,600,2.006,4.594,12.565,300,100,,,,,0.566,
1791407164.440,600.000,30.000,6300,6300,1.392,5.245,7.369,600,1.986,4.617,5.147,300,99,,,,,0.421,
1791407194.440,630.000,30.000,6300,6300,1.383,5.092,6.994,600,2.002,4.526,5.642,300,100,,,,,0.590,
1791407224.440,660.000,30.000,6300,6300,1.429,5.084,7.855,600,1.937,4.425,4.936,300,98,,,,,0.459,
1791407254.440,690.000,30.000,6300,6300,1.310,4.877,7.375,600,1.915,4.440,7.284,300,100,,,,,0.399,
1791407284.440,720.000,30.000,6298,6298,1.348,4.981,6.919,600,1.998,4.329,4.949,299,100,,,,,0.894,
1791407314.440,750.000,30.000,6302,6302,1.360,4.707,7.079,600,1.939,4.432,4.851,301,100,,,,,0.460,
1791407344.441,780.000,30.000,6299,6299,1.422,5.315,7.686,600,2.104,5.007,5.920,299,99,,,,,0.703,
1791407374.440,810.000,30.000,6301,6301,1.382,5.403,8.313,600,2.097,4.882,10.861,301,100,,,,,0.480,
1791407404.441,840.000,30.000,6299,6299,1.407,5.025,7.617,600,2.065,4.573,4.915,299,99,,,,,0.420,
1791407434.441,870.000,30.000,6301,6301,1.433,5.401,8.400,600,2.107,4.809,5.801,301,100,,,,,0.424,
1791407464.440,900.000,30.000,6300,6300,1.355,5.161,11.833,600,1.975,4.532,8.983,300,97,,,,,0.481,
1791407494.440,930.000,30.000,6300,6300,1.354,4.773,7.393,600,1.948,4.355,5.271,300,100,,,,,0.564,
1791407524.440,960.000,30.000,6300,6300,1.357,4.958,7.569,600,2.008,4.634,5.301,300,98,,,,,0.423,
1791407554.440,990.000,30.000,6300,6300,1.341,4.908,8.009,600,2.012,4.170,5.066,300,99,,,,,0.477,
1791407584.440,1020.000,30.000,6299,6299,1.340,4.843,39.427,600,1.890,4.614,13.120,299,99,,,,,0.528,
1791407614.440,1050.000,30.000,6300,6300,1.353,5.036,7.969,600,1.998,4.819,6.330,300,97,,,,,0.612,
1791407644.440,1080.000,30.000,6301,6301,1.377,5.017,7.479,600,1.995,4.421,4.868,301,98,,,,,0.557,
1791407674.441,1110.000,30.000,6300,6300,1.407,5.252,7.011,600,2.008,4.631,5.200,300,98,,,,,0.467,
1791407704.440,1140.000,30.000,6300,6300,1.424,5.329,48.571,600,2.084,4.848,49.397,300,100,,,,,0.492,
1791407734.440,1170.000,30.000,6300,6300,1.374,5.091,7.377,600,2.006,4.763,7.378,300,99,,,,,0.465,
1791407764.440,1200.000,30.000,6300,6300,1.370,5.151,39.243,600,1.954,4.727,4.862,300,100,,,,,0.563,
1791407794.441,1230.000,30.000,6299,6299,1.328,4.942,7.548,600,1.949,4.461,7.520,299,100,,,,,0.498,
1791407824.440,1260.000,30.000,6301,6301,1.375,5.108,8.834,600,1.991,4.765,8.949,301,99,,,,,0.467,
1791407854.441,1290.000,30.000,6300,6300,1.364,4.980,9.064,600,1.919,4.806,6.155,300,99,,,,,0.580,
1791407884.440,1320.000,30.000,6300,6300,1.335,4.829,8.364,600,1.907,4.612,5.039,300,100,,,,,0.469,
1791407914.440,1350.000,30.000,6300,6300,1.368,5.036,6.913,600,1.967,4.631,6.480,300,99,,,,,0.405,
1791407944.441,1380.000,30.000,6300,6300,1.377,4.938,7.376,600,1.981,4.665,6.011,300,100,,,,,0.452,
1791407974.440,1410.000,30.000,6300,6300,1.360,5.071,25.724,600,1.978,5.108,11.334,300,100,,,,,0.531,
1791408004.440,1440.000,30.000,6298,6298,1.321,5.089,7.699,600,1.983,4.499,8.068,299,100,,,,,1.196,
1791408034.441,1470.000,30.000,6302,6302,1.391,5.071,7.981,600,1.991,4.526,5.600,301,99,,,,,0.497,
1791408064.441,1500.000,30.000,6298,6298,1.373,4.997,16.885,600,1.960,4.838,14.415,299,100,,,,,0.615,
1791408094.440,1530.000,30.000,6301,6301,1.402,5.267,17.025,600,2.007,4.714,16.532,300,100,,,,,0.510,
1791408124.440,1560.000,30.000,6300,6300,1.357,5.031,7.117,600,2.001,4.573,5.011,300,100,,,,,0.531,
1791408154.440,1590.000,30.000,6301,6301,1.384,5.141,10.799,600,2.027,4.708,5.890,301,100,,,,,0.479,
1791408184.440,1620.000,30.000,6300,6300,1.366,4.912,35.112,600,1.991,4.301,44.348,300,100,,,,,0.545,
1791408214.440,1650.000,30.000,6300,6300,1.390,5.186,40.047,600,1.978,4.662,15.629,300,99,,,,,0.445,
1791408244.440,1680.000,30.000,6300,6300,1.413,5.102,8.003,600,1.992,4.505,4.997,300,99,,,,,0.477,
1791408274.440,1710.000,30.000,6300,6300,1.372,4.937,6.700,600,1.953,4.417,4.924,300,100,,,,,0.503,
1791408304.440,1740.000,30.000,6300,6300,1.313,4.730,7.000,600,1.954,4.276,4.812,300,98,,,,,0.463,
1791408334.440,1770.000,30.000,6300,6300,1.425,5.207,21.860,600,2.035,4.888,5.052,300,99,,,,,0.519,
1791408364.440,1800.000,30.000,6300,6300,1.410,5.358,7.968,600,2.040,4.952,6.836,300,98,,,,,0.524,
1791408394.440,1830.000,30.000,6299,6299,1.348,5.161,6.898,600,1.975,4.811,6.360,299,100,,,,,0.633,
1791408424.441,1860.000,30.000,6300,6300,1.349,5.019,7.437,600,2.021,4.563,4.997,300,97,,,,,0.582,
1791408454.440,1890.000,30.000,6301,6301,1.377,5.082,7.527,600,2.040,4.584,13.068,301,100,,,,,0.544,
1791408484.441,1920.000,30.000,6300,6300,1.374,4.919,8.032,600,1.994,4.819,5.058,300,99,,,,,0.590,
1791408514.441,1950.000,30.000,6300,6300,1.335,4.985,35.950,600,1.952,4.385,5.535,300,100,,,,,0.471,
1791408544.440,1980.000,30.000,6300,6300,1.406,5.113,9.419,600,2.025,4.689,5.362,300,99,,,,,0.404,
1791408574.440,2010.000,30.000,6297,6297,1.351,4.872,7.136,600,1.947,4.318,5.752,299,99,,,,,1.953,
1791408604.441,2040.000,30.000,6303,6303,1.351,4.870,7.537,600,1.978,4.386,5.336,301,100,,,,,0.488,
1791408634.441,2070.000,30.000,6300,6300,1.379,5.037,7.530,600,1.958,4.736,5.369,300,100,,,,,0.707,
1791408664.441,2100.000,30.000,6300,6300,1.309,4.845,10.385,600,1.940,4.091,4.670,300,100,,,,,0.589,
1791408694.440,2130.000,30.000,6300,6300,1.336,5.047,23.659,600,1.952,4.601,22.521,300,99,,,,,0.435,
1791408724.440,2160.000,30.000,6300,6300,1.357,4.866,20.644,600,1.982,4.134,4.978,300,100,,,,,0.509,
1791408754.440,2190.000,30.000,6299,6299,1.375,4.946,7.741,600,1.959,4.673,5.381,300,100,,,,,0.446,
1791408784.440,2220.000,30.000,6301,6301,1.380,4.882,19.919,600,1.941,4.105,18.255,300,99,,,,,0.459,
1791408814.440,2250.000,30.000,6300,6300,1.391,5.453,102.342,600,1.992,4.881,112.607,300,100,,,,,0.420,
1791408844.441,2280.000,30.000,6300,6300,1.331,4.879,6.429,600,1.959,4.708,5.363,300,99,,,,,0.540,
1791408874.441,2310.000,30.000,6300,6300,1.321,4.729,9.667,600,1.873,4.365,8.785,300,99,,,,,0.506,
1791408904.440,2340.000,30.000,6300,6300,1.329,5.073,11.120,600,1.997,4.401,4.805,300,99,,,,,0.500,
1791408934.441,2370.000,30.000,6300,6300,1.343,4.845,7.304,600,1.949,4.387,4.977,300,98,,,,,0.453,
1791408964.440,2400.000,30.000,6299,6299,1.368,5.103,35.677,600,1.966,4.654,6.511,299,100,,,,,0.559,
1791408994.441,2430.000,30.000,6301,6301,1.333,4.989,7.200,600,1.930,4.497,4.932,301,100,,,,,0.495,
1791409024.440,2460.000,30.000,6300,6300,1.381,4.979,6.846,600,1.974,4.523,4.773,300,99,,,,,0.456,
1791409054.440,2490.000,30.000,6300,6300,1.379,5.096,7.443,600,1.985,4.656,5.344,300,100,,,,,0.482,
1791409084.440,2520.000,30.000,6300,6300,1.350,5.100,31.197,600,1.938,4.624,6.424,300,98,,,,,0.406,
1791409114.440,2550.000,30.000,6300,6300,1.360,4.869,22.146,600,1.973,4.520,20.738,300,100,,,,,0.512,
1791409144.440,2580.000,30.000,6300,6300,1.343,4.733,7.328,600,1.983,4.172,4.571,300,100,,,,,0.448,
1791409174.440,2610.000,30.000,6300,6300,1.328,5.034,25.900,600,1.956,4.628,5.320,300,99,,,,,0.410,
1791409204.440,2640.000,30.000,6300,6300,1.374,5.177,20.031,600,2.043,4.866,18.759,300,100,,,,,0.469,
1791409234.441,2670.000,30.000,6299,6299,1.290,4.782,36.080,600,1.934,4.165,4.904,299,100,,,,,0.651,
1791409264.440,2700.000,30.000,6301,6301,1.380,5.285,18.972,600,2.051,4.725,17.621,301,100,,,,,0.366,
1791409294.440,2730.000,30.000,6300,6300,1.366,5.019,54.452,600,1.978,4.508,53.580,300,99,,,,,0.558,
1791409324.440,2760.000,30.000,6300,6300,1.364,5.165,24.016,600,1.983,4.484,23.022,300,99,,,,,0.406,
1791409354.440,2790.000,30.000,6300,6300,1.420,5.120,7.854,600,2.030,4.890,5.103,300,100,,,,,0.537,
1791409384.440,2820.000,30.000,6300,6300,1.323,4.947,21.200,600,1.978,4.713,30.777,300,99,,,,,0.387,
1791409414.441,2850.000,30.000,6299,6299,1.388,5.022,34.824,600,1.980,4.909,33.588,299,100,,,,,1.225,
1791409444.441,2880.000,30.000,6298,6298,1.364,4.986,7.196,600,1.991,4.608,23.095,300,100,,,,,1.515,
1791409474.440,2910.000,30.000,6303,6303,1.319,4.914,7.797,600,1.950,4.317,4.995,301,99,,,,,0.473,
1791409504.441,2940.000,30.000,6300,6300,1.358,4.965,7.302,600,1.994,4.601,5.507,300,100,,,,,0.594,
1791409534.440,2970.000,30.000,6300,6300,1.385,4.878,10.272,600,1.959,4.528,5.223,300,99,,,,,0.450,
1791409564.441,3000.000,30.000,6299,6299,1.378,5.279,67.649,600,1.997,4.899,24.206,299,99,,,,,0.511,
1791409594.440,3030.000,30.000,6301,6301,1.346,4.993,101.055,600,1.973,4.783,99.355,301,99,,,,,0.549,
1791409624.440,3060.000,30.000,6300,6300,1.319,4.850,8.053,600,1.953,4.427,6.662,300,100,,,,,0.458,
1791409654.441,3090.000,30.000,6299,6299,1.363,5.106,7.488,600,2.001,4.737,5.619,299,99,,,,,0.705,
1791409684.440,3120.000,30.000,6301,6301,1.383,4.951,80.996,600,2.007,4.672,74.689,301,100,,,,,0.420,
1791409714.440,3150.000,30.000,6300,6300,1.363,5.418,16.106,600,1.944,4.812,15.150,300,99,,,,,0.411,
1791409744.440,3180.000,30.000,6300,6300,1.370,4.885,6.979,600,1.937,4.495,5.111,300,100,,,,,0.492,
1791409774.440,3210.000,30.000,6300,6300,1.369,4.969,6.966,600,2.007,4.325,12.457,300,99,,,,,0.374,
1791409804.440,3240.000,30.000,6300,6300,1.353,4.978,6.968,600,1.978,4.537,4.966,300,99,,,,,0.422,
1791409834.440,3270.000,30.000,6300,6300,1.367,4.998,7.740,600,2.037,4.452,4.891,300,99,,,,,0.446,
1791409864.440,3300.000,30.000,6300,6300,1.364,4.975,57.439,600,1.933,4.727,56.398,300,100,,,,,0.396,
1791409894.440,3330.000,30.000,6300,6300,1.375,5.203,21.829,600,1.921,4.590,5.087,300,99,,,,,0.431,
1791409924.440,3360.000,30.000,6300,6300,1.317,4.851,19.961,600,1.970,4.885,5.565,300,99,,,,,0.410,
1791409954.440,3390.000,30.000,6300,6300,1.381,5.094,49.801,600,1.961,4.598,6.523,300,100,,,,,0.452,
1791409984.440,3420.000,30.000,6300,6300,1.305,4.718,6.880,600,1.924,4.570,4.835,300,99,,,,,0.357,
1791410014.440,3450.000,30.000,6300,6300,1.310,4.769,8.891,600,1.862,4.136,4.865,300,100,,,,,0.377,
1791410044.440,3480.000,30.000,6300,6300,1.305,4.773,11.875,600,1.800,4.643,34.709,300,99,,,,,0.493,
1791410074.440,3510.000,30.000,6300,6300,1.279,4.707,33.212,600,1.846,4.387,5.196,300,99,,,,,0.419,
1791410104.440,3540.000,30.000,6300,6300,1.242,4.593,10.333,600,1.834,3.991,9.462,300,98,,,,,0.406,
1791410134.441,3570.000,30.000,6299,6299,1.328,4.878,6.793,600,1.895,4.429,5.015,299,99,,,,,0.612,
1791410164.439,3600.000,30.000,6301,6301,1.232,4.399,6.336,600,1.802,4.031,5.050,301,99,,,,,0.373,
