t,elapsed_s,rss_kb,cpu_s,cpu_pct,fds
1791406564.428,0.000,4440,0.000,,9
1791406594.434,30.000,10120,3.130,10.431,14
1791406624.441,60.000,14864,6.930,12.664,15
1791406654.447,90.000,15812,10.590,12.198,14
1791406684.454,120.000,18084,14.250,12.197,14
1791406714.460,150.000,17124,18.020,12.564,14
1791406744.467,180.000,18576,21.790,12.564,14
1791406774.473,210.100,19976,25.650,12.864,14
1791406804.479,240.100,18292,29.250,11.997,14
1791406834.486,270.100,20980,32.960,12.364,14
1791406864.494,300.100,20648,36.740,12.597,14
1791406894.501,330.100,19684,40.560,12.730,14
1791406924.508,360.100,18988,44.450,12.964,14
1791406954.516,390.100,21904,48.200,12.497,14
1791406984.523,420.100,21032,52.110,13.030,14
1791407014.530,450.100,21040,55.870,12.531,14
1791407044.536,480.100,20288,59.680,12.697,15
1791407074.542,510.100,20972,63.350,12.231,14
1791407104.548,540.100,19128,67.030,12.264,14
1791407134.555,570.100,21552,70.780,12.497,14
1791407164.561,600.100,20108,74.540,12.531,14
1791407194.567,630.100,20764,78.320,12.597,14
1791407224.572,660.200,20444,82.110,12.631,14
1791407254.579,690.200,22404,85.680,11.897,14
1791407284.586,720.200,22068,89.360,12.264,14
1791407314.592,750.200,21704,93.020,12.198,14
1791407344.598,780.200,22740,96.940,13.064,14
1791407374.604,810.200,22216,100.710,12.564,14
1791407404.610,840.200,24260,104.520,12.697,14
1791407434.617,870.200,23220,108.400,12.931,14
1791407464.623,900.200,22092,112.090,12.297,14
1791407494.629,930.200,23416,115.700,12.031,14
1791407524.636,960.200,24732,119.350,12.164,15
1791407554.642,990.200,21996,122.990,12.131,14
1791407584.648,1020.200,22612,126.570,11.931,14
1791407614.654,1050.200,23280,130.230,12.197,14
1791407644.660,1080.200,18648,133.990,12.531,14
1791407674.666,1110.200,17844,137.730,12.464,14
1791407704.672,1140.300,18796,141.560,12.764,14
1791407734.679,1170.300,18100,145.280,12.397,14
1791407764.686,1200.300,19040,148.970,12.297,14
1791407794.693,1230.300,19724,152.640,12.231,14
1791407824.699,1260.300,20428,156.360,12.397,14
1791407854.706,1290.300,20388,160.000,12.131,14
1791407884.712,1320.300,20344,163.600,11.997,14
1791407914.719,1350.300,20300,167.300,12.331,14
1791407944.725,1380.300,20220,171.010,12.364,14
1791407974.732,1410.300,20864,174.690,12.264,14
1791408004.739,1440.300,21168,178.380,12.297,15
1791408034.745,1470.300,20068,182.160,12.597,14
1791408064.753,1500.300,20400,185.880,12.397,14
1791408094.759,1530.300,20680,189.680,12.664,14
1791408124.765,1560.300,21452,193.380,12.331,14
1791408154.772,1590.400,20528,197.120,12.464,14
1791408184.779,1620.400,19188,200.810,12.297,14
1791408214.786,1650.400,19044,204.530,12.397,14
1791408244.792,1680.400,21088,208.230,12.331,14
1791408274.798,1710.400,21832,211.920,12.298,14
1791408304.804,1740.400,20376,215.440,11.731,14
1791408334.811,1770.400,21716,219.230,12.630,14
1791408364.818,1800.400,23820,223.050,12.730,14
1791408394.824,1830.400,20228,226.770,12.397,14
1791408424.830,1860.400,21604,230.440,12.231,14
1791408454.836,1890.400,21516,234.160,12.397,15
1791408484.842,1920.400,22844,237.850,12.297,14
1791408514.848,1950.400,21744,241.470,12.064,14
1791408544.853,1980.400,20764,245.240,12.565,14
1791408574.859,2010.400,23436,248.910,12.231,14
1791408604.867,2040.400,22388,252.530,12.063,14
1791408634.875,2070.500,22304,256.210,12.264,14
1791408664.882,2100.500,22868,259.810,11.997,14
1791408694.888,2130.500,20832,263.440,12.097,14
1791408724.896,2160.500,18304,267.090,12.164,14
1791408754.902,2190.500,19696,270.780,12.298,14
1791408784.908,2220.500,19640,274.460,12.264,14
1791408814.915,2250.500,18924,278.240,12.597,14
1791408844.922,2280.500,20956,281.860,12.064,14
1791408874.928,2310.500,20260,285.400,11.798,14
1791408904.934,2340.500,20788,289.080,12.264,14
1791408934.941,2370.500,20988,292.730,12.164,15
1791408964.947,2400.500,18708,296.420,12.297,14
1791408994.955,2430.500,19984,300.110,12.297,14
1791409024.961,2460.500,21324,303.810,12.331,14
1791409054.967,2490.500,21588,307.510,12.331,14
1791409084.972,2520.600,20144,311.190,12.264,14
1791409114.979,2550.600,19140,314.880,12.297,14
1791409144.986,2580.600,20116,318.510,12.097,14
1791409174.992,2610.600,21500,322.170,12.197,14
1791409204.998,2640.600,22456,325.910,12.464,14
1791409235.005,2670.600,22464,329.440,11.764,14
1791409265.011,2700.600,20648,333.180,12.464,14
1791409295.017,2730.600,21964,336.840,12.197,14
1791409325.024,2760.600,21884,340.530,12.297,14
1791409355.030,2790.600,21548,344.330,12.664,14
1791409385.036,2820.600,21212,347.980,12.164,14
1791409415.042,2850.600,21164,351.690,12.364,14
1791409445.047,2880.600,22488,355.380,12.298,14
1791409475.053,2910.600,22100,359.000,12.064,14
1791409505.059,2940.600,22696,362.700,12.331,14
1791409535.065,2970.600,21592,366.390,12.297,14
1791409565.072,3000.700,21960,370.140,12.497,14
1791409595.079,3030.700,22576,373.820,12.264,14
1791409625.085,3060.700,23208,377.350,11.764,14
1791409655.091,3090.700,25008,381.090,12.464,14
1791409685.099,3120.700,22492,384.860,12.563,14
1791409715.105,3150.700,23792,388.520,12.198,14
1791409745.111,3180.700,20204,392.220,12.331,14
1791409775.118,3210.700,19944,395.950,12.431,14
1791409805.124,3240.700,18376,399.620,12.231,14
1791409835.130,3270.700,19120,403.310,12.297,14
1791409865.137,3300.700,19684,406.910,11.997,15
1791409895.143,3330.700,17804,410.620,12.364,14
1791409925.151,3360.700,19852,414.240,12.064,14
1791409955.157,3390.700,18836,417.920,12.264,14
1791409985.164,3420.700,18124,421.470,11.831,14
1791410015.171,3450.700,19048,425.060,11.964,14
1791410045.176,3480.800,19668,428.560,11.665,14
1791410075.182,3510.800,20348,432.020,11.531,14
1791410105.188,3540.800,18320,435.440,11.398,14
1791410135.194,3570.800,18884,439.020,11.931,14
1791410165.200,3600.800,16224,442.270,10.831,9
