t,elapsed_s,interval_s,published,delivered,deliver_n,deliver_p50_ms,deliver_p99_ms,deliver_max_ms,sub_sessions,jobs_sent,jobs_done,job_p50_ms,job_p99_ms,job_max_ms,queue_backlog,conns,errors,err_gap,err_duplicate,err_publish,err_subscriber,err_worker,err_churn,probe_ms,probe_error
1791402993.024,30.000,30.000,6004,45024,45024,0.530,1.543,43.619,26,5984,5984,0.203,0.855,5.834,1,301,,,,,,,,1.346,
1791403023.024,60.000,30.000,6000,45009,45009,0.564,1.438,43.452,25,6000,6000,0.232,0.918,12.940,1,300,,,,,,,,1.025,
1791403053.030,90.000,30.000,6000,45011,45011,0.528,1.262,43.443,36,6000,6000,0.216,0.772,3.161,0,300,,,,,,,,2.170,
1791403083.024,120.000,30.000,6000,45015,45015,0.549,1.383,44.477,38,6000,6000,0.221,0.805,8.275,0,300,,,,,,,,1.774,
1791403113.024,150.000,30.000,6000,45014,45014,0.556,1.256,43.494,31,6000,6000,0.228,0.794,3.801,2,300,,,,,,,,1.225,
1791403143.024,180.000,30.000,6000,45013,45013,0.532,1.394,67.791,39,6000,6000,0.210,0.792,6.785,1,300,,,,,,,,0.596,
1791403173.024,210.000,30.000,6000,45006,45006,0.546,1.327,49.163,24,6000,6000,0.222,0.820,33.454,1,300,,,,,,,,0.684,
1791403203.025,240.000,30.000,6000,45015,45015,0.542,1.230,41.474,38,6000,6000,0.217,0.766,4.601,2,300,,,,,,,,0.433,
1791403233.027,270.000,30.000,6000,45006,45006,0.566,1.325,43.463,26,6000,6000,0.231,0.819,2.619,1,300,,,,,,,,1.691,
1791403263.028,300.000,30.000,6000,45020,45020,0.555,1.451,54.202,38,6000,6000,0.219,0.883,51.896,1,300,,,,,,,,2.049,
1791403293.024,330.000,30.000,6000,45004,45004,0.536,1.271,43.463,23,6000,6000,0.213,0.763,7.011,2,300,,,,,,,,0.985,
1791403323.026,360.000,30.000,6000,45016,45016,0.562,1.297,44.419,40,6000,6000,0.230,0.805,3.799,0,300,,,,,,,,0.726,
1791403353.024,390.000,30.000,6000,45009,45009,0.544,1.278,43.430,30,6000,6000,0.224,0.791,8.229,0,300,,,,,,,,1.775,
1791403383.025,420.000,30.000,6000,45015,45015,0.600,1.531,44.414,40,6000,6000,0.238,0.908,8.072,0,300,,,,,,,,1.419,
1791403413.025,450.000,30.000,6000,45012,45012,0.597,1.421,42.438,30,6000,6000,0.237,0.869,3.043,1,300,,,,,,,,1.513,
1791403443.025,480.000,30.000,6000,45014,45014,0.551,1.342,53.328,29,6000,6000,0.222,0.851,111.006,0,300,,,,,,,,1.659,
1791403473.025,510.000,30.000,6000,45022,45022,0.521,1.154,42.434,40,6000,6000,0.212,0.718,2.863,1,300,,,,,,,,0.924,
1791403503.025,540.000,30.000,6000,45012,45012,0.511,1.282,41.408,35,6000,6000,0.206,0.786,3.856,1,300,,,,,,,,0.874,
1791403533.026,570.000,30.000,6000,45008,45008,0.559,1.417,41.452,33,6000,6000,0.222,0.806,3.084,0,300,,,,,,,,1.358,
1791403563.025,600.000,30.000,6000,45008,45008,0.610,1.443,43.425,29,6000,6000,0.233,0.882,33.983,1,300,,,,,,,,1.292,
1791403593.025,630.000,30.000,6000,45011,45011,0.544,1.388,40.729,29,6000,6000,0.219,0.779,6.633,1,300,,,,,,,,1.677,
1791403623.025,660.000,30.000,6000,45011,45011,0.532,1.178,41.436,26,6000,6000,0.220,0.762,3.807,0,300,,,,,,,,1.189,
1791403653.025,690.000,30.000,6000,45008,45008,0.539,1.184,43.367,26,6000,6000,0.221,0.731,2.976,0,300,,,,,,,,1.676,
1791403683.024,720.000,30.000,6000,45012,45012,0.556,1.301,43.448,24,6000,6000,0.227,0.758,2.151,0,300,,,,,,,,0.497,
1791403713.026,750.000,30.000,6000,45014,45014,0.566,1.296,44.393,36,6000,6000,0.232,0.817,4.568,0,300,,,,,,,,1.298,
1791403743.025,780.000,30.000,6000,45015,45015,0.547,1.213,43.483,31,6000,6000,0.224,0.732,1.850,0,300,,,,,,,,1.217,
1791403773.028,810.000,30.000,6000,45012,45012,0.579,1.287,43.411,26,6000,6000,0.237,0.806,6.603,2,300,,,,,,,,0.376,
1791403803.029,840.000,30.000,6000,45009,45009,0.548,1.240,64.715,27,6000,6000,0.225,0.794,67.648,1,300,,,,,,,,2.120,
1791403833.025,870.000,30.000,6000,45011,45011,0.543,1.174,42.446,28,6000,6000,0.223,0.749,12.222,0,300,,,,,,,,1.136,
1791403863.025,900.000,30.000,6000,45010,45010,0.564,1.218,43.510,31,6000,6000,0.233,0.759,3.103,0,300,,,,,,,,1.342,
1791403893.025,930.000,30.000,6000,45013,45013,0.561,1.346,41.428,28,6000,6000,0.230,0.811,28.931,2,300,,,,,,,,0.559,
1791403923.026,960.000,30.000,6000,45011,45011,0.547,1.184,43.486,36,6000,6000,0.226,0.765,8.820,0,300,,,,,,,,1.811,
1791403953.026,990.000,30.000,6000,45015,45015,0.567,1.392,46.455,35,6000,6000,0.231,0.802,2.196,0,300,,,,,,,,1.528,
1791403983.024,1020.000,30.000,6000,45008,45008,0.551,1.435,43.518,24,6000,6000,0.224,0.815,5.970,1,300,,,,,,,,0.821,
1791404013.026,1050.000,30.000,6000,45019,45019,0.574,1.486,44.423,38,6000,6000,0.230,0.875,2.826,0,300,,,,,,,,1.286,
1791404043.026,1080.000,30.000,6000,45010,45010,0.532,1.183,43.456,26,6000,6000,0.217,0.745,2.126,0,300,,,,,,,,0.975,
1791404073.026,1110.000,30.000,6000,45012,45012,0.525,1.149,41.379,36,6000,6000,0.214,0.727,6.105,1,300,,,,,,,,1.396,
1791404103.025,1140.000,30.000,6000,45015,45015,0.550,1.386,44.513,37,6000,6000,0.221,0.813,32.660,0,300,,,,,,,,1.115,
1791404133.026,1170.000,30.000,6000,45008,45008,0.559,1.490,140.388,23,6000,6000,0.228,0.938,80.448,0,300,,,,,,,,1.216,
1791404163.028,1200.000,30.000,6000,45007,45007,0.521,1.144,40.535,27,6000,6000,0.214,0.704,8.902,1,300,,,,,,,,1.717,
1791404193.025,1230.000,30.000,6000,45018,45018,0.538,1.179,43.517,35,6000,6000,0.221,0.715,3.397,0,300,,,,,,,,1.302,
1791404223.026,1260.000,30.000,6000,45010,45010,0.526,1.139,43.507,25,6000,6000,0.215,0.710,2.717,1,300,,,,,,,,1.189,
1791404253.025,1290.000,30.000,6000,45007,45007,0.532,1.180,41.419,25,6000,6000,0.219,0.735,8.228,0,300,,,,,,,,1.355,
1791404283.027,1320.000,30.000,6000,45013,45013,0.544,1.186,39.495,35,6000,6000,0.223,0.772,13.261,0,300,,,,,,,,1.205,
1791404313.028,1350.000,30.000,6000,45009,45009,0.552,1.230,41.416,22,6000,6000,0.221,0.762,4.996,1,300,,,,,,,,1.661,
1791404343.029,1380.000,30.000,6000,45010,45010,0.530,1.184,44.497,22,6000,6000,0.217,0.728,2.249,0,300,,,,,,,,2.217,
1791404373.026,1410.000,30.000,6000,45007,45007,0.543,1.227,40.505,28,6000,6000,0.226,0.789,3.763,0,300,,,,,,,,1.681,
1791404403.026,1440.000,30.000,6000,45012,45012,0.516,1.135,42.417,34,6000,6000,0.212,0.719,5.244,2,300,,,,,,,,0.788,
1791404433.025,1470.000,30.000,6000,45007,45007,0.506,1.148,43.445,18,6000,6000,0.207,0.683,1.796,0,300,,,,,,,,1.111,
1791404463.027,1500.000,30.000,6000,45009,45009,0.525,1.221,39.429,30,6000,6000,0.220,0.748,8.618,1,300,,,,,,,,1.331,
1791404493.025,1530.000,30.000,6000,45016,45016,0.517,1.297,43.477,39,6000,6000,0.216,0.828,37.757,2,300,,,,,,,,0.826,
1791404523.027,1560.000,30.000,6000,45007,45007,0.522,1.230,64.506,29,6000,6000,0.219,0.769,9.445,0,300,,,,,,,,1.289,
1791404553.026,1590.000,30.000,6000,45015,45015,0.525,1.255,44.435,34,6000,6000,0.216,0.716,12.429,1,300,,,,,,,,1.571,
1791404583.025,1620.000,30.000,6000,45015,45015,0.515,1.204,43.518,44,6000,6000,0.214,0.697,3.678,0,300,,,,,,,,1.036,
1791404613.025,1650.000,30.000,6000,45008,45008,0.516,1.178,44.505,23,6000,6000,0.212,0.708,3.545,0,300,,,,,,,,1.335,
1791404643.025,1680.000,30.000,6000,45010,45010,0.507,1.231,65.526,29,6000,6000,0.208,0.710,20.551,0,300,,,,,,,,1.410,
1791404673.029,1710.000,30.000,6000,45013,45013,0.522,1.205,43.484,35,6000,6000,0.215,0.743,18.099,2,300,,,,,,,,1.356,
1791404703.024,1740.000,30.000,6000,45011,45011,0.544,1.359,44.417,35,6000,6000,0.226,0.838,7.968,1,300,,,,,,,,0.884,
1791404733.029,1770.000,30.000,6000,45011,45011,0.556,1.381,43.454,30,6000,6000,0.226,0.796,2.032,1,300,,,,,,,,3.801,
1791404763.029,1800.000,30.000,6000,45013,45013,0.542,1.148,43.443,38,6000,6000,0.224,0.732,3.425,0,300,,,,,,,,1.944,
1791404793.026,1830.000,30.000,6000,45011,45011,0.544,1.256,42.503,26,6000,6000,0.224,0.763,3.578,0,300,,,,,,,,1.562,
1791404823.025,1860.000,30.000,6000,45010,45010,0.558,1.300,44.458,27,6000,6000,0.227,0.772,3.623,1,300,,,,,,,,0.848,
1791404853.027,1890.000,30.000,6000,45014,45014,0.534,1.302,40.593,38,6000,6000,0.222,0.719,7.259,2,300,,,,,,,,0.992,
1791404883.026,1920.000,30.000,6000,45013,45013,0.532,1.205,40.759,27,6000,6000,0.221,0.700,4.187,2,300,,,,,,,,0.469,
1791404913.026,1950.000,30.000,6000,45008,45008,0.537,1.392,42.497,24,6000,6000,0.216,0.743,27.492,1,300,,,,,,,,0.694,
1791404943.025,1980.000,30.000,6000,45007,45007,0.493,1.180,44.470,20,6000,6000,0.204,0.706,11.634,1,300,,,,,,,,0.930,
1791404973.026,2010.000,30.000,6000,45014,45014,0.503,1.348,43.459,32,6000,6000,0.206,0.760,2.923,0,300,,,,,,,,1.385,
1791405003.026,2040.000,30.000,6000,45013,45013,0.484,1.153,40.964,34,6000,6000,0.196,0.715,4.581,1,300,,,,,,,,0.636,
1791405033.029,2070.000,30.000,6000,45011,45011,0.477,1.148,41.427,25,6000,6000,0.196,0.701,4.969,0,300,,,,,,,,1.864,
1791405063.024,2100.000,30.000,6000,45009,45009,0.497,1.224,53.153,25,6000,6000,0.206,0.711,9.483,0,300,,,,,,,,1.280,
1791405093.026,2130.000,30.000,6000,45010,45010,0.483,1.149,43.491,28,6000,6000,0.198,0.664,4.295,1,300,,,,,,,,0.973,
1791405123.025,2160.000,30.000,6000,45010,45010,0.521,1.450,98.942,28,6000,6000,0.211,0.858,106.442,0,300,,,,,,,,0.953,
1791405153.026,2190.000,30.000,6000,45015,45015,0.477,1.131,43.510,40,6000,6000,0.196,0.661,15.009,1,300,,,,,,,,0.924,
1791405183.025,2220.000,30.000,6000,45009,45009,0.513,1.385,43.452,29,6000,6000,0.209,0.778,3.185,1,300,,,,,,,,0.767,
1791405213.025,2250.000,30.000,6000,45014,45014,0.514,1.211,42.352,24,6000,6000,0.208,0.690,1.445,1,300,,,,,,,,0.575,
1791405243.025,2280.000,30.000,6000,45008,45008,0.619,1.441,41.940,29,6000,6000,0.237,0.871,39.280,2,300,,,,,,,,0.641,
1791405273.025,2310.000,30.000,6000,45007,45007,0.521,1.257,105.286,32,6000,6000,0.217,0.802,32.427,0,300,,,,,,,,1.139,
1791405303.025,2340.000,30.000,6000,45007,45007,0.507,1.267,44.412,31,6000,6000,0.208,0.737,9.328,0,300,,,,,,,,1.259,
1791405333.027,2370.000,30.000,6000,45009,45009,0.494,1.160,42.445,25,6000,6000,0.206,0.682,2.077,0,300,,,,,,,,1.482,
1791405363.025,2400.000,30.000,6000,45010,45010,0.501,1.283,51.558,25,6000,6000,0.209,0.795,34.715,1,300,,,,,,,,1.702,
1791405393.025,2430.000,30.000,6000,45007,45007,0.489,1.123,39.427,20,6000,6000,0.202,0.667,2.270,0,300,,,,,,,,1.311,
1791405423.025,2460.000,30.000,6000,45013,45013,0.504,1.179,42.431,30,6000,6000,0.210,0.676,2.031,0,300,,,,,,,,1.370,
1791405453.026,2490.000,30.000,6000,45013,45013,0.506,1.180,69.801,33,6000,6000,0.211,0.704,14.613,0,300,,,,,,,,1.098,
1791405483.029,2520.000,30.000,6000,45009,45009,0.512,1.134,42.430,23,6000,6000,0.216,0.697,3.614,1,300,,,,,,,,0.765,
1791405513.026,2550.000,30.000,6000,45011,45011,0.509,1.197,43.483,25,6000,6000,0.210,0.680,2.619,1,300,,,,,,,,0.767,
1791405543.024,2580.000,30.000,6000,45011,45011,0.476,1.149,41.419,33,6000,6000,0.199,0.671,5.315,0,300,,,,,,,,0.889,
1791405573.026,2610.000,30.000,6000,45011,45011,0.516,1.185,42.424,33,6000,6000,0.217,0.694,5.691,1,300,,,,,,,,1.198,
1791405603.029,2640.000,30.000,6000,45010,45010,0.518,1.250,45.205,28,6000,6000,0.221,0.751,42.367,2,300,,,,,,,,1.755,
1791405633.028,2670.000,30.000,6000,45011,45011,0.505,1.167,43.475,29,6000,6000,0.214,0.678,3.401,0,300,,,,,,,,1.473,
1791405663.025,2700.000,30.000,6000,45009,45009,0.522,1.224,43.451,36,6000,6000,0.220,0.710,10.072,0,300,,,,,,,,1.417,
1791405693.025,2730.000,30.000,6000,45017,45017,0.508,1.133,42.391,40,6000,6000,0.213,0.678,2.424,2,300,,,,,,,,0.461,
1791405723.026,2760.000,30.000,6000,45015,45015,0.510,1.147,44.463,42,6000,6000,0.216,0.706,2.963,0,300,,,,,,,,1.286,
1791405753.025,2790.000,30.000,6000,45016,45016,0.513,1.201,43.430,37,6000,6000,0.216,0.725,3.799,0,300,,,,,,,,1.224,
1791405783.028,2820.000,30.000,6000,45009,45009,0.517,1.158,43.474,23,6000,6000,0.214,0.682,3.932,1,300,,,,,,,,1.220,
1791405813.025,2850.000,30.000,6000,45010,45010,0.530,1.416,43.475,33,6000,6000,0.226,0.844,39.288,0,300,,,,,,,,0.949,
1791405843.025,2880.000,30.000,6000,45008,45008,0.522,1.146,43.944,21,6000,6000,0.222,0.709,1.977,2,300,,,,,,,,0.490,
1791405873.029,2910.000,30.000,6000,45010,45010,0.500,1.138,42.494,27,6000,6000,0.210,0.689,2.435,1,300,,,,,,,,2.014,
1791405903.025,2940.000,30.000,6000,45009,45009,0.510,1.264,41.339,29,6000,6000,0.216,0.757,5.345,0,300,,,,,,,,1.313,
1791405933.028,2970.000,30.000,6000,45013,45013,0.495,1.167,43.481,33,6000,6000,0.209,0.684,3.934,0,300,,,,,,,,1.586,
1791405963.026,3000.000,30.000,6000,45009,45009,0.510,1.230,40.938,22,6000,6000,0.217,0.720,4.160,1,300,,,,,,,,0.776,
1791405993.025,3030.000,30.000,6000,45008,45008,0.515,1.410,104.298,27,6000,6000,0.216,0.841,40.872,1,300,,,,,,,,1.197,
1791406023.024,3060.000,30.000,6000,45012,45012,0.482,1.164,55.614,40,6000,6000,0.205,0.701,54.691,2,300,,,,,,,,0.633,
1791406053.029,3090.000,30.000,6000,45011,45011,0.508,1.151,40.470,28,6000,6000,0.216,0.690,2.796,0,300,,,,,,,,2.223,
1791406083.025,3120.000,30.000,6000,45011,45011,0.490,1.184,40.395,34,6000,6000,0.206,0.702,11.513,1,300,,,,,,,,1.057,
1791406113.024,3150.000,30.000,6000,45014,45014,0.507,1.215,56.909,33,6000,6000,0.214,0.679,27.949,1,300,,,,,,,,0.473,
1791406143.024,3180.000,30.000,6000,45015,45015,0.482,1.162,50.286,36,6000,6000,0.203,0.654,2.231,1,300,,,,,,,,0.359,
1791406173.026,3210.000,30.000,6000,45007,45007,0.496,1.218,41.416,26,6000,6000,0.207,0.702,2.544,0,300,,,,,,,,1.253,
1791406203.028,3240.000,30.000,6000,45015,45015,0.479,1.162,56.538,36,6000,6000,0.203,0.695,5.126,0,300,,,,,,,,0.996,
1791406233.027,3270.000,30.000,6000,45007,45007,0.486,1.169,42.813,33,6000,6000,0.206,0.689,4.143,0,300,,,,,,,,0.838,
1791406263.024,3300.000,30.000,6000,45010,45010,0.505,1.250,44.487,32,6000,6000,0.216,0.718,8.495,0,300,,,,,,,,1.401,
1791406293.024,3330.000,30.000,6000,45005,45005,0.513,1.296,38.443,22,6000,6000,0.218,0.746,8.992,2,300,,,,,,,,0.517,
1791406323.025,3360.000,30.000,6000,45014,45014,0.546,1.326,40.517,28,6000,6000,0.228,0.735,5.546,2,300,,,,,,,,0.458,
1791406353.026,3390.000,30.000,6000,45013,45013,0.502,1.166,40.745,33,6000,6000,0.212,0.677,2.055,0,300,,,,,,,,0.914,
1791406383.028,3420.000,30.000,6000,45008,45008,0.515,1.161,43.517,22,6000,6000,0.221,0.689,4.979,0,300,,,,,,,,2.571,
1791406413.025,3450.000,30.000,6000,45013,45013,0.509,1.202,43.456,29,6000,6000,0.220,0.695,8.812,0,300,,,,,,,,0.894,
1791406443.029,3480.000,30.000,6000,45014,45014,0.518,1.158,43.452,28,6000,6000,0.222,0.687,1.626,1,300,,,,,,,,1.498,
1791406473.025,3510.000,30.000,6000,45013,45013,0.511,1.216,43.442,32,6000,6000,0.220,0.719,3.123,1,300,,,,,,,,0.842,
1791406503.028,3540.000,30.000,6000,45015,45015,0.469,1.180,43.488,38,6000,6000,0.205,0.675,25.237,0,300,,,,,,,,2.034,
1791406533.025,3570.000,30.000,6000,45007,45007,0.487,1.161,55.588,25,6000,6000,0.210,0.701,35.616,2,300,,,,,,,,0.549,
1791406563.509,3600.500,30.480,5996,44984,44984,0.487,1.165,54.569,59,5996,5996,0.212,0.678,3.206,0,300,,,,,,,,0.396,
