bench,case,impl,rep,wall_s,user_s,sys_s,maxrss_kb,footprint_kb,instructions,cycles
logstat,--by ip,gem_file,1,1.4783,1.35,0.11,245072,244432,24234437674,4741550682
logstat,--by ip,gem_file,2,1.4805,1.35,0.11,245056,244416,24218317921,4749608465
logstat,--by ip,gem_file,3,1.4755,1.35,0.11,245056,244416,24220146439,4732865034
logstat,--by ip,gem_file,4,1.4782,1.35,0.11,245072,244432,24220782577,4746580635
logstat,--by ip,gem_file,5,1.4810,1.35,0.11,245072,244432,24222203507,4750133101
logstat,--by ip,gem_stdin,1,1.4517,1.32,0.12,4080,3328,23705535243,4658668387
logstat,--by ip,gem_stdin,2,1.4476,1.32,0.11,4064,3328,23704540912,4648472714
logstat,--by ip,gem_stdin,3,1.4581,1.33,0.12,4080,3328,23705264311,4674540151
logstat,--by ip,gem_stdin,4,1.4521,1.32,0.11,4080,3344,23707837783,4658824345
logstat,--by ip,gem_stdin,5,1.4550,1.32,0.12,4064,3328,23705310156,4673754307
logstat,--by ip,python,1,1.7326,1.69,0.03,22304,12560,26766152225,5562609056
logstat,--by ip,python,2,1.6857,1.64,0.03,22128,12384,26675095757,5412215142
logstat,--by ip,python,3,1.6894,1.65,0.03,22112,12368,26646783111,5420839577
logstat,--by ip,python,4,1.6837,1.64,0.03,22240,12496,26649477963,5405049079
logstat,--by ip,python,5,1.7316,1.69,0.03,22064,12320,26641526365,5554887690
logstat,--by path,gem_file,1,1.4784,1.35,0.11,248496,247872,24283694109,4744041101
logstat,--by path,gem_file,2,1.4824,1.35,0.12,248480,247856,24291789172,4753053089
logstat,--by path,gem_file,3,1.4938,1.35,0.12,248480,247856,24292851915,4787661826
logstat,--by path,gem_file,4,1.4986,1.35,0.13,248480,247856,24301531964,4804950719
logstat,--by path,gem_file,5,1.4798,1.35,0.12,248496,247872,24279793839,4746815969
logstat,--by path,gem_stdin,1,1.4565,1.33,0.12,7504,6784,23793044936,4666012185
logstat,--by path,gem_stdin,2,1.4519,1.32,0.11,7504,6784,23774523368,4655938111
logstat,--by path,gem_stdin,3,1.4550,1.33,0.11,7520,6784,23773880179,4672220277
logstat,--by path,gem_stdin,4,1.4546,1.33,0.12,7504,6768,23788765689,4666778615
logstat,--by path,gem_stdin,5,1.4550,1.33,0.11,7520,6784,23789086899,4668776567
logstat,--by path,python,1,1.6690,1.63,0.03,23840,14096,26758728392,5357895178
logstat,--by path,python,2,1.7055,1.67,0.03,23936,14192,26782151902,5475850280
logstat,--by path,python,3,1.6950,1.66,0.03,23856,14112,26703982571,5439339315
logstat,--by path,python,4,1.6804,1.64,0.03,23776,14032,26795635178,5394084799
logstat,--by path,python,5,1.6908,1.65,0.03,24000,14256,26787899954,5428209222
logstat,--by hour,gem_file,1,1.4322,1.3,0.12,244496,243856,23789207486,4591918733
logstat,--by hour,gem_file,2,1.4332,1.3,0.11,244480,243840,23816846921,4595825186
logstat,--by hour,gem_file,3,1.4316,1.3,0.11,244464,243824,23822560733,4590990939
logstat,--by hour,gem_file,4,1.4298,1.3,0.11,244480,243840,23813598197,4587266153
logstat,--by hour,gem_file,5,1.4324,1.3,0.12,244480,243840,23821566470,4594565669
logstat,--by hour,gem_stdin,1,1.4067,1.27,0.12,3472,2736,23297824789,4516232092
logstat,--by hour,gem_stdin,2,1.4062,1.27,0.12,3488,2752,23298067075,4509997061
logstat,--by hour,gem_stdin,3,1.4064,1.27,0.12,3488,2736,23305783486,4512239059
logstat,--by hour,gem_stdin,4,1.4015,1.27,0.11,3488,2736,23297635090,4498904284
logstat,--by hour,gem_stdin,5,1.4028,1.28,0.11,3488,2752,23305923689,4499782496
logstat,--by hour,python,1,1.6359,1.59,0.03,21776,12032,26712757260,5250925647
logstat,--by hour,python,2,1.6268,1.58,0.03,21680,11936,26641039888,5221946855
logstat,--by hour,python,3,1.6447,1.6,0.03,21872,12128,26715912104,5279854512
logstat,--by hour,python,4,1.6503,1.61,0.03,21808,12064,26769819372,5296706913
logstat,--by hour,python,5,1.6560,1.61,0.03,21696,11952,26748126560,5314748883
lox,fib 28,gem,1,0.8621,0.78,0.07,10080,9264,14348196708,2762194586
lox,fib 28,gem,2,0.8657,0.78,0.07,10080,9280,14355600141,2771967994
lox,fib 28,gem,3,0.8647,0.78,0.07,10080,9280,14358279952,2771220422
lox,fib 28,gem,4,0.8637,0.78,0.07,10080,9280,14358669223,2765632833
lox,fib 28,gem,5,0.8608,0.78,0.07,10064,9264,14348646801,2756019925
lox,fib 28,python,1,1.6478,1.63,0.0,20816,11488,28348643372,5288278915
lox,fib 28,python,2,1.6208,1.6,0.0,20864,11536,28145684784,5201061322
lox,fib 28,python,3,1.6222,1.61,0.0,20720,11392,28175992318,5207061299
lox,fib 28,python,4,1.6393,1.62,0.0,20784,11440,28168233225,5261278698
lox,fib 28,python,5,1.6266,1.61,0.0,20800,11472,28169954106,5218206230
lox,binary_trees 12,gem,1,2.1295,1.84,0.28,27472,26688,33707127325,6823085916
lox,binary_trees 12,gem,2,2.1328,1.83,0.29,27744,26960,33725283238,6847457880
lox,binary_trees 12,gem,3,2.1713,1.87,0.28,27504,26720,33714581937,6966884614
lox,binary_trees 12,gem,4,2.1308,1.84,0.28,27504,26720,33702936613,6843997193
lox,binary_trees 12,gem,5,2.1297,1.83,0.28,27504,26720,33748419610,6841077778
lox,binary_trees 12,python,1,3.1584,3.14,0.0,23984,14704,53520318462,10147248325
lox,binary_trees 12,python,2,3.1777,3.16,0.0,23968,14688,53497872534,10209102954
lox,binary_trees 12,python,3,3.1742,3.16,0.0,24016,14736,53782380358,10202090017
lox,binary_trees 12,python,4,3.1571,3.14,0.0,24000,14720,53570542646,10146266095
lox,binary_trees 12,python,5,3.1864,3.17,0.0,24000,14720,54012030544,10241245915
lox,closures 100000,gem,1,1.3157,1.19,0.11,5824,5024,22087803243,4216139439
lox,closures 100000,gem,2,1.3177,1.19,0.11,5808,4992,22079090768,4226601766
lox,closures 100000,gem,3,1.3146,1.19,0.11,5824,5008,22090379989,4216338113
lox,closures 100000,gem,4,1.3186,1.19,0.12,5824,5024,22080741436,4232405455
lox,closures 100000,gem,5,1.3213,1.19,0.12,5824,5024,22119685011,4238313779
lox,closures 100000,python,1,2.4666,2.43,0.02,20992,11744,39996377223,7920952029
lox,closures 100000,python,2,2.4589,2.43,0.02,20992,11744,39905379121,7900520330
lox,closures 100000,python,3,2.4727,2.44,0.02,21024,11776,40074915743,7945070940
lox,closures 100000,python,4,2.4811,2.45,0.02,20928,11680,40167372474,7970365488
lox,closures 100000,python,5,2.4592,2.43,0.02,21024,11776,39806193535,7902646555
lox,strings 20000,gem,1,0.8947,0.85,0.03,4064,3248,15805392753,2864981974
lox,strings 20000,gem,2,0.8916,0.85,0.03,4048,3232,15807286535,2858331634
lox,strings 20000,gem,3,0.8948,0.85,0.03,4048,3248,15805606222,2866616403
lox,strings 20000,gem,4,0.8939,0.85,0.03,4048,3232,15806980839,2861765435
lox,strings 20000,gem,5,0.8902,0.85,0.03,4064,3248,15805948863,2854239497
lox,strings 20000,python,1,1.8906,1.87,0.0,20864,11536,31763447363,6067513045
lox,strings 20000,python,2,1.8950,1.88,0.0,20816,11488,31960088106,6085071161
lox,strings 20000,python,3,1.8984,1.88,0.0,20816,11488,31855777864,6078744406
lox,strings 20000,python,4,1.8933,1.88,0.0,20784,11456,31965314604,6079869217
lox,strings 20000,python,5,1.9151,1.9,0.0,20800,11472,32022148644,6146981471
lox,mandelbrot 60,gem,1,0.9124,0.88,0.01,4528,3712,16083404833,2927214966
lox,mandelbrot 60,gem,2,0.9161,0.89,0.02,4512,3696,16083573518,2932989295
lox,mandelbrot 60,gem,3,0.9106,0.88,0.01,4496,3696,16082850990,2916861051
lox,mandelbrot 60,gem,4,0.9104,0.88,0.01,4496,3680,16083703991,2919507638
lox,mandelbrot 60,gem,5,0.9114,0.88,0.01,4528,3712,16083554981,2919571195
lox,mandelbrot 60,python,1,2.0038,1.99,0.0,20816,11488,33918414341,6431967459
lox,mandelbrot 60,python,2,1.9981,1.98,0.0,20880,11552,33752877181,6415426455
lox,mandelbrot 60,python,3,2.0037,1.99,0.0,20816,11488,33731734649,6432604403
lox,mandelbrot 60,python,4,1.9593,1.94,0.0,20816,11472,33314607864,6290056473
lox,mandelbrot 60,python,5,1.9646,1.95,0.0,20784,11456,33307836177,6307074547
lox,methods 3000,gem,1,0.8399,0.77,0.05,6112,5312,14070977194,2689159883
lox,methods 3000,gem,2,0.8393,0.77,0.05,6064,5248,14063309449,2690545208
lox,methods 3000,gem,3,0.8413,0.77,0.05,6112,5312,14067245902,2693291926
lox,methods 3000,gem,4,0.8384,0.77,0.05,6096,5296,14062725620,2686711665
lox,methods 3000,gem,5,0.8468,0.77,0.06,6112,5296,14068866732,2711753908
lox,methods 3000,python,1,1.5270,1.51,0.0,20800,11456,25535222414,4900871048
lox,methods 3000,python,2,1.5298,1.51,0.01,20800,11456,25487158141,4909176048
lox,methods 3000,python,3,1.5308,1.52,0.0,20880,11536,25659756034,4916422562
lox,methods 3000,python,4,1.5399,1.52,0.0,20800,11456,25544624180,4941992579
lox,methods 3000,python,5,1.5467,1.53,0.0,20800,11440,25704784416,4962591763
gemgrep,literal,gem,1,1.3110,0.97,0.37,14720,14016,18794953528,4313315459
gemgrep,literal,gem,2,1.3075,0.97,0.37,14160,13456,18790952105,4305754663
gemgrep,literal,gem,3,1.3089,0.97,0.37,14352,13648,18790844450,4309523832
gemgrep,literal,gem,4,1.3152,0.97,0.37,14144,13440,18805477897,4328008295
gemgrep,literal,gem,5,1.3071,0.97,0.37,14800,14096,18806622322,4301612033
gemgrep,literal,grep,1,0.1579,0.11,0.03,2528,1872,873932853,493419579
gemgrep,literal,grep,2,0.1602,0.11,0.03,2528,1872,873977352,496150386
gemgrep,literal,grep,3,0.1579,0.11,0.03,2528,1872,873904118,494658968
gemgrep,literal,grep,4,0.1583,0.11,0.03,2528,1872,874187182,494786768
gemgrep,literal,grep,5,0.1587,0.11,0.03,2528,1872,874054824,495911531
gemgrep,literal,python,1,0.4864,0.44,0.03,22272,12944,6698730996,1551449298
gemgrep,literal,python,2,0.4845,0.43,0.03,22208,12880,6695225873,1541824366
gemgrep,literal,python,3,0.4804,0.43,0.03,22368,13040,6682538387,1534826135
gemgrep,literal,python,4,0.4850,0.43,0.04,22432,13104,6694349535,1548105254
gemgrep,literal,python,5,0.4817,0.43,0.03,22096,12768,6681035969,1535732500
gemgrep,icase,gem,1,3.0404,2.69,0.38,13376,12672,41850884425,9885066742
gemgrep,icase,gem,2,3.0459,2.68,0.38,14112,13408,42039748069,9893676334
gemgrep,icase,gem,3,3.0365,2.68,0.38,14144,13440,42001567060,9876465480
gemgrep,icase,gem,4,3.0315,2.68,0.38,13200,12480,41853172242,9859473220
gemgrep,icase,gem,5,3.0377,2.68,0.38,14336,13632,42004266223,9882545112
gemgrep,icase,grep,1,0.1599,0.11,0.03,2528,1872,911577091,502770424
gemgrep,icase,grep,2,0.1591,0.11,0.03,2528,1872,911441971,500606496
gemgrep,icase,grep,3,0.1607,0.11,0.03,2528,1872,911727076,503456181
gemgrep,icase,grep,4,0.1586,0.11,0.03,2528,1872,911309932,499397650
gemgrep,icase,grep,5,0.1596,0.11,0.03,2528,1872,911413763,501982914
gemgrep,icase,python,1,1.0814,1.03,0.04,23216,13888,19268452681,3467004865
gemgrep,icase,python,2,1.0784,1.03,0.04,22208,12880,19252353217,3456413973
gemgrep,icase,python,3,1.0797,1.03,0.04,22336,13008,19247626313,3457627901
gemgrep,icase,python,4,1.0761,1.02,0.04,22288,12960,19254753899,3445649049
gemgrep,icase,python,5,1.0839,1.03,0.04,22080,12752,19263377943,3471579779
gemgrep,alternation,gem,1,3.2367,2.32,0.95,19984,19280,46019411094,10513616180
gemgrep,alternation,gem,2,3.2448,2.32,0.95,20416,19712,46086431754,10541820271
gemgrep,alternation,gem,3,3.2470,2.32,0.95,20640,19936,46255601506,10547112988
gemgrep,alternation,gem,4,3.2376,2.32,0.94,20032,19328,46047772425,10517147716
gemgrep,alternation,gem,5,3.2355,2.32,0.94,20288,19584,46050895866,10512371059
gemgrep,alternation,grep,1,0.3464,0.28,0.05,2592,1936,2403455176,1093863495
gemgrep,alternation,grep,2,0.3451,0.28,0.05,2576,1920,2404072163,1092619484
gemgrep,alternation,grep,3,0.3468,0.28,0.05,2576,1920,2404432609,1093811260
gemgrep,alternation,grep,4,0.3448,0.28,0.05,2592,1936,2403109021,1092434015
gemgrep,alternation,grep,5,0.3451,0.28,0.05,2592,1936,2403687129,1092657365
gemgrep,alternation,python,1,1.1639,1.1,0.04,23920,14592,18570930989,3723381915
gemgrep,alternation,python,2,1.1636,1.1,0.04,24624,15296,18559771309,3723235950
gemgrep,alternation,python,3,1.1626,1.1,0.04,23952,14624,18572468048,3719916599
gemgrep,alternation,python,4,1.1697,1.11,0.04,23856,14528,18577386151,3738937697
gemgrep,alternation,python,5,1.1622,1.1,0.04,23888,14560,18580803735,3719981532
gemgrep,word,gem,1,2.8034,2.25,0.58,15264,14560,42622785717,9116456820
gemgrep,word,gem,2,2.8051,2.25,0.58,14928,14224,42628109770,9122957023
gemgrep,word,gem,3,2.7993,2.25,0.58,14976,14272,42623772157,9113023729
gemgrep,word,gem,4,2.8013,2.25,0.58,14928,14224,42642508873,9118564362
gemgrep,word,gem,5,2.8054,2.25,0.58,14592,13888,42638920366,9120711678
gemgrep,word,grep,1,0.2743,0.22,0.04,2592,1936,1620908448,871477234
gemgrep,word,grep,2,0.2754,0.22,0.04,2560,1904,1621013667,872170875
gemgrep,word,grep,3,0.2748,0.22,0.04,2592,1936,1620827351,872501063
gemgrep,word,grep,4,0.2752,0.22,0.04,2592,1936,1620862988,871494197
gemgrep,word,grep,5,0.2752,0.22,0.04,2592,1936,1621040292,874043121
gemgrep,word,python,1,2.7874,2.73,0.04,22640,13312,44245382705,8956269458
gemgrep,word,python,2,2.7794,2.72,0.04,22416,13088,44232939018,8930330410
gemgrep,word,python,3,2.7966,2.74,0.04,22656,13328,44252845277,8981489990
gemgrep,word,python,4,2.7819,2.72,0.04,22624,13296,44237895333,8938649094
gemgrep,word,python,5,2.7911,2.73,0.04,23648,14320,44250476604,8966010108
gemgrep,count,gem,1,1.3982,1.36,0.06,12496,11792,20066355745,4598904289
gemgrep,count,gem,2,1.3909,1.36,0.06,12544,11840,20065134889,4575744966
gemgrep,count,gem,3,1.3919,1.36,0.06,12720,12000,20066127082,4581045563
gemgrep,count,gem,4,1.3925,1.36,0.06,12464,11760,20064695415,4580997369
gemgrep,count,gem,5,1.3896,1.36,0.06,12560,11856,20064442489,4574385611
gemgrep,count,grep,1,0.1566,0.12,0.02,2528,1872,670575901,492430475
gemgrep,count,grep,2,0.1561,0.12,0.02,2528,1872,670455959,491184575
gemgrep,count,grep,3,0.1578,0.12,0.02,2528,1872,670297517,493514948
gemgrep,count,grep,4,0.1563,0.12,0.02,2528,1872,670310870,491913235
gemgrep,count,grep,5,0.1564,0.12,0.02,2528,1872,670455323,492188983
gemgrep,count,python,1,0.5280,0.48,0.03,21872,12432,6617837642,1685475416
gemgrep,count,python,2,0.5292,0.48,0.03,21808,12368,6632516071,1689022402
gemgrep,count,python,3,0.5286,0.48,0.03,21856,12416,6633555651,1687135136
gemgrep,count,python,4,0.5284,0.48,0.03,21840,12384,6617402720,1686971626
gemgrep,count,python,5,0.5298,0.48,0.03,22112,12672,6630141277,1690964292
gemgrep,list,gem,1,0.3729,0.35,0.05,12048,11328,5771368090,1292810833
gemgrep,list,gem,2,0.3713,0.35,0.05,11472,10768,5771265073,1289844198
gemgrep,list,gem,3,0.3722,0.35,0.05,11776,11072,5771581252,1290621333
gemgrep,list,gem,4,0.3719,0.35,0.05,11328,10624,5770689669,1288752857
gemgrep,list,gem,5,0.3723,0.35,0.05,11440,10736,5772104116,1290465381
gemgrep,list,grep,1,0.0456,0.01,0.02,2432,1776,314735091,135203729
gemgrep,list,grep,2,0.0459,0.01,0.02,2432,1776,315063699,135833392
gemgrep,list,grep,3,0.0460,0.01,0.02,2432,1776,314807054,135818897
gemgrep,list,grep,4,0.0458,0.01,0.02,2432,1776,314786201,135390473
gemgrep,list,grep,5,0.0461,0.01,0.02,2432,1776,315033490,136386491
gemgrep,list,python,1,0.2745,0.23,0.03,21728,12288,3687238310,871293727
gemgrep,list,python,2,0.2803,0.24,0.03,22944,13504,3695023915,886995069
gemgrep,list,python,3,0.2773,0.23,0.03,21808,12368,3693860048,880324514
gemgrep,list,python,4,0.2789,0.24,0.03,21728,12288,3699614011,881719625
gemgrep,list,python,5,0.2766,0.23,0.03,22096,12656,3692496311,878624921
gemgrep,invert,gem,1,0.6195,0.29,0.35,13424,12704,9471365921,2087228941
gemgrep,invert,gem,2,0.6184,0.29,0.35,13200,12496,9484746293,2083908940
gemgrep,invert,gem,3,0.6187,0.29,0.35,13856,13152,9472027880,2086419077
gemgrep,invert,gem,4,0.6192,0.29,0.35,13440,12736,9476100921,2086772758
gemgrep,invert,gem,5,0.6169,0.29,0.35,13296,12592,9468583678,2081348324
gemgrep,invert,grep,1,0.1761,0.14,0.03,2528,1872,1482657333,555546265
gemgrep,invert,grep,2,0.1789,0.14,0.03,2528,1872,1482650444,560796634
gemgrep,invert,grep,3,0.1762,0.14,0.03,2528,1872,1482743735,556797285
gemgrep,invert,grep,4,0.1760,0.13,0.03,2528,1872,1482821288,555004950
gemgrep,invert,grep,5,0.1779,0.14,0.03,2528,1872,1482765691,558769699
gemgrep,invert,python,1,0.5211,0.47,0.03,22192,12864,8340255688,1661982719
gemgrep,invert,python,2,0.5235,0.48,0.03,22160,12832,8340699333,1670872675
gemgrep,invert,python,3,0.5230,0.48,0.03,22064,12736,8337259220,1660435196
gemgrep,invert,python,4,0.5205,0.47,0.03,22160,12832,8327095254,1661443468
gemgrep,invert,python,5,0.5205,0.47,0.03,21904,12576,8325996613,1661730014
gemgrep,few,gem,1,0.9310,0.9,0.05,12336,11632,14523699668,3092632857
gemgrep,few,gem,2,0.9336,0.9,0.05,11920,11200,14523083445,3101495825
gemgrep,few,gem,3,0.9343,0.9,0.06,12256,11536,14523273794,3102483212
gemgrep,few,gem,4,0.9329,0.9,0.05,11536,10816,14523829968,3098359571
gemgrep,few,gem,5,0.9321,0.9,0.05,12384,11680,14523696293,3098184600
gemgrep,few,grep,1,0.1204,0.08,0.02,2528,1872,619992969,375043433
gemgrep,few,grep,2,0.1199,0.08,0.02,2528,1872,620001953,374438212
gemgrep,few,grep,3,0.1206,0.08,0.02,2528,1872,619952192,375092835
gemgrep,few,grep,4,0.1204,0.08,0.02,2528,1872,619807918,373803402
gemgrep,few,grep,5,0.1198,0.08,0.02,2528,1872,620016197,374052204
gemgrep,few,python,1,0.4412,0.4,0.03,21888,12448,6187526428,1405082409
gemgrep,few,python,2,0.4341,0.39,0.03,21888,12448,6190128036,1386133820
gemgrep,few,python,3,0.4344,0.39,0.03,22144,12704,6174466134,1383988470
gemgrep,few,python,4,0.4404,0.4,0.03,21936,12496,6187828288,1401901807
gemgrep,few,python,5,0.4413,0.4,0.03,21856,12416,6187514745,1406044489
gemgrep,many,gem,1,6.2047,0.94,5.28,49136,48448,87688190483,20046652276
gemgrep,many,gem,2,6.2379,0.94,5.31,49472,48784,87759815596,20142026461
gemgrep,many,gem,3,6.2186,0.95,5.29,49296,48608,87692281800,20088269553
gemgrep,many,gem,4,6.2894,0.95,5.36,49776,49088,88667238590,20303634928
gemgrep,many,gem,5,6.2281,0.95,5.3,49648,48960,87665777739,20121059036
gemgrep,many,grep,1,0.6300,0.46,0.15,2528,1872,8093352580,2006255744
gemgrep,many,grep,2,0.6260,0.46,0.15,2528,1872,8093173612,1998649890
gemgrep,many,grep,3,0.6281,0.46,0.15,2528,1872,8095013317,1998028090
gemgrep,many,grep,4,0.6267,0.46,0.15,2528,1872,8094556985,1998296300
gemgrep,many,grep,5,0.6259,0.46,0.15,2528,1872,8092211636,2000708051
gemgrep,many,python,1,1.0656,0.98,0.07,30512,21184,16536617457,3405125550
gemgrep,many,python,2,1.0648,0.98,0.07,29552,20224,16593384953,3410677780
gemgrep,many,python,3,1.0765,0.99,0.07,31472,22144,16734768551,3447619418
gemgrep,many,python,4,1.0649,0.98,0.07,29456,20128,16565902613,3408443736
gemgrep,many,python,5,1.0637,0.98,0.07,29600,20272,16572666607,3403676730
gemgrep,src_literal,gem,1,0.0886,0.07,0.01,23536,22816,1336512310,300909583
gemgrep,src_literal,gem,2,0.0890,0.07,0.01,23504,22800,1337118863,303825517
gemgrep,src_literal,gem,3,0.0891,0.07,0.01,23536,22816,1346591081,303295166
gemgrep,src_literal,gem,4,0.0882,0.07,0.01,23472,22752,1336608444,300037121
gemgrep,src_literal,gem,5,0.0885,0.07,0.01,23488,22784,1352905676,301434222
gemgrep,src_literal,grep,1,0.0458,0.03,0.0,2512,1856,232310850,136306933
gemgrep,src_literal,grep,2,0.0465,0.03,0.0,2496,1840,232412897,137495777
gemgrep,src_literal,grep,3,0.0471,0.03,0.0,2496,1840,232405447,138556139
gemgrep,src_literal,grep,4,0.0470,0.03,0.0,2496,1840,232340060,136748728
gemgrep,src_literal,grep,5,0.0455,0.03,0.0,2496,1840,232477645,135943926
gemgrep,src_literal,python,1,0.0812,0.06,0.01,50832,41504,1036139026,247731492
gemgrep,src_literal,python,2,0.0815,0.06,0.01,50832,41504,1038773316,248896789
gemgrep,src_literal,python,3,0.0817,0.06,0.01,50832,41504,1037999029,249461979
gemgrep,src_literal,python,4,0.0827,0.06,0.01,50864,41552,1038183352,250859160
gemgrep,src_literal,python,5,0.0832,0.06,0.01,50848,41520,1037206971,251075717
gemgrep,src_icase,gem,1,0.6243,0.61,0.01,23520,22816,8548746804,2025582172
gemgrep,src_icase,gem,2,0.6204,0.61,0.01,23552,22832,8551916922,2012770020
gemgrep,src_icase,gem,3,0.6234,0.61,0.01,23536,22832,8552083799,2022017071
gemgrep,src_icase,gem,4,0.6252,0.61,0.01,23584,22864,8552098719,2026094771
gemgrep,src_icase,gem,5,0.6219,0.61,0.01,23584,22864,8551896000,2018920337
gemgrep,src_icase,grep,1,0.0679,0.05,0.0,2512,1856,450530751,207184126
gemgrep,src_icase,grep,2,0.0682,0.05,0.0,2512,1856,450557925,207786744
gemgrep,src_icase,grep,3,0.0685,0.05,0.0,2512,1856,450671616,208086893
gemgrep,src_icase,grep,4,0.0690,0.05,0.0,2496,1840,450603284,207679359
gemgrep,src_icase,grep,5,0.0674,0.05,0.0,2512,1856,450526787,206767298
gemgrep,src_icase,python,1,0.3085,0.29,0.01,50848,41520,5779114083,977203444
gemgrep,src_icase,python,2,0.3070,0.28,0.01,50848,41536,5779794562,975634710
gemgrep,src_icase,python,3,0.3095,0.28,0.01,50864,41536,5779745325,980476018
gemgrep,src_icase,python,4,0.3082,0.28,0.01,50800,41488,5780492757,976416177
gemgrep,src_icase,python,5,0.3082,0.28,0.01,50832,41504,5778816306,980014596
jobqueue,none,gem,1,0.8375,0.34,0.05,83840,82928,4939909952,1117313355
jobqueue,none,gem,1,0.5947,0.3,0.04,81696,80784,4879785815,1071935855
jobqueue,none,gem,1,0.5962,0.31,0.04,81312,80400,4874897109,1072234065
jobqueue,none,gem,1,0.6318,0.33,0.04,104480,103568,4998991886,1158470659
jobqueue,none,gem,1,0.6136,0.32,0.04,81088,80176,4881154117,1110229030
jobqueue,none,python,1,1.1409,0.63,0.03,55568,45264,9466945992,2149779284
jobqueue,none,python,1,1.1418,0.65,0.03,55392,45088,9467797588,2151112859
jobqueue,none,python,1,1.1574,0.66,0.03,55152,44864,9450116617,2151715766
jobqueue,none,python,1,1.1486,0.65,0.03,55440,45136,9470760929,2186815154
jobqueue,none,python,1,1.1303,0.64,0.03,55312,45024,9448587672,2155449405
jobqueue,none,elixir,1,1.2842,1.19,0.38,149472,141568,13539189230,4764450966
jobqueue,none,elixir,1,1.2477,1.17,0.38,136384,128480,13313943061,4734242116
jobqueue,none,elixir,1,1.2233,1.16,0.36,147008,139120,13357630316,4718059616
jobqueue,none,elixir,1,1.2678,1.2,0.39,151408,143488,13453492184,4812866386
jobqueue,none,elixir,1,1.2652,1.19,0.36,145840,137952,13422277279,4718170551
jobqueue,none,elixir_s1,1,1.2826,0.87,0.06,121392,113488,10256165921,2936498357
jobqueue,none,elixir_s1,1,1.2812,0.87,0.06,123776,115872,10263829555,2939679571
jobqueue,none,elixir_s1,1,1.2942,0.88,0.07,123648,115744,10249322212,2976069784
jobqueue,none,elixir_s1,1,1.2828,0.87,0.06,121632,113712,10257206640,2942184852
jobqueue,none,elixir_s1,1,1.2765,0.87,0.06,123808,115904,10246368600,2925590719
jobqueue,crash5,gem,1,0.7244,0.35,0.09,112944,112016,5779361920,1376367813
jobqueue,crash5,gem,1,0.7081,0.34,0.09,112560,111632,5776260625,1347736803
jobqueue,crash5,gem,1,0.7078,0.34,0.09,112960,112032,5780210983,1348793006
jobqueue,crash5,gem,1,0.7278,0.36,0.09,113024,112096,5778941895,1390161484
jobqueue,crash5,gem,1,0.6983,0.34,0.08,112976,112048,5769218686,1336322827
jobqueue,crash5,python,1,1.3610,0.82,0.05,56640,46336,10969227225,2721446742
jobqueue,crash5,python,1,1.3482,0.81,0.05,56368,46064,10960098663,2714952369
jobqueue,crash5,python,1,1.3513,0.81,0.05,56128,45824,10971686406,2708790202
jobqueue,crash5,python,1,1.3381,0.8,0.05,56592,46288,10980993470,2707218893
jobqueue,crash5,python,1,1.3366,0.79,0.05,56288,45984,10966682957,2714672991
jobqueue,crash5,elixir,1,1.3391,1.38,0.46,146192,138240,15124141740,5594583215
jobqueue,crash5,elixir,1,1.3295,1.38,0.44,152640,144704,15189381328,5535662752
jobqueue,crash5,elixir,1,1.3209,1.39,0.46,151392,143472,15452926575,5647073371
jobqueue,crash5,elixir,1,1.3217,1.4,0.44,147808,139888,15393185218,5570837580
jobqueue,crash5,elixir,1,1.3268,1.4,0.47,141040,133088,15490497244,5696098713
jobqueue,crash5,elixir_s1,1,1.3496,0.93,0.07,119920,111984,10956957669,3152554761
jobqueue,crash5,elixir_s1,1,1.3467,0.93,0.07,122752,114816,10949157254,3150536215
jobqueue,crash5,elixir_s1,1,1.3367,0.92,0.07,123824,115888,11002495593,3141192296
jobqueue,crash5,elixir_s1,1,1.3264,0.91,0.07,121664,113712,11036543996,3149670349
jobqueue,crash5,elixir_s1,1,1.3458,0.93,0.07,121056,113120,11007797964,3139099537
jobqueue,hang5,gem,1,3.6464,0.44,0.08,61632,60720,2599633852,800459384
jobqueue,hang5,gem,1,3.6748,0.47,0.08,61376,60464,2600237866,833318786
jobqueue,hang5,gem,1,3.6497,0.47,0.08,61856,60944,2605104821,833206308
jobqueue,hang5,gem,1,3.6718,0.46,0.08,61888,60976,2601626113,825929953
jobqueue,hang5,gem,1,3.6862,0.47,0.08,61152,60224,2600223749,826675744
jobqueue,hang5,python,1,3.7195,0.81,0.04,43040,32752,4929568777,1500533724
jobqueue,hang5,python,1,3.7052,0.79,0.04,43088,32800,4927166575,1466691937
jobqueue,hang5,python,1,3.6904,0.81,0.04,42912,32608,4931311492,1489490411
jobqueue,hang5,python,1,3.7214,0.79,0.04,43120,32816,4921118062,1430499567
jobqueue,hang5,python,1,3.7150,0.83,0.04,42976,32688,4936738934,1541500864
jobqueue,hang5,elixir,1,4.2418,1.57,0.54,121104,113168,12188297803,4660736596
jobqueue,hang5,elixir,1,4.2706,1.57,0.5,126736,118832,12048264949,4657677439
jobqueue,hang5,elixir,1,4.2529,1.49,0.53,123744,115840,12524514968,4859376509
jobqueue,hang5,elixir,1,4.2498,1.59,0.52,129344,121440,12290511333,4689520748
jobqueue,hang5,elixir,1,4.2440,1.53,0.47,120352,112416,11850713241,4515882086
jobqueue,hang5,elixir_s1,1,4.2677,1.28,0.09,110064,102144,10105831377,3128697254
jobqueue,hang5,elixir_s1,1,4.2610,1.28,0.09,110032,102080,10107355760,3132074216
jobqueue,hang5,elixir_s1,1,4.2452,1.27,0.09,109760,101808,10111505223,3142466534
jobqueue,hang5,elixir_s1,1,4.2647,1.29,0.09,109744,101808,10115811812,3143104838
jobqueue,hang5,elixir_s1,1,4.2589,1.29,0.09,109760,101824,10120939196,3136203682
jobqueue,mixed,gem,1,4.7062,0.54,0.22,69920,69008,2986560797,1063392284
jobqueue,mixed,gem,1,4.6713,0.53,0.22,69504,68592,2986236418,1083426129
jobqueue,mixed,gem,1,4.6918,0.51,0.2,70352,69440,2983382486,1037774440
jobqueue,mixed,gem,1,4.7201,0.53,0.21,69168,68240,2983169027,1078799800
jobqueue,mixed,gem,1,4.6815,0.5,0.21,69280,68368,2987798108,1034467446
jobqueue,mixed,python,1,4.7703,1.09,0.1,43536,33200,5775433757,2060459686
jobqueue,mixed,python,1,4.7637,1.07,0.1,43488,33168,5776186647,1971593578
jobqueue,mixed,python,1,4.7526,1.04,0.1,43536,33200,5781828490,1997146637
jobqueue,mixed,python,1,4.7629,1.04,0.1,43280,32944,5772733320,1987397444
jobqueue,mixed,python,1,4.7597,1.08,0.1,43536,33200,5781729504,1983858625
jobqueue,mixed,elixir,1,5.2955,2.01,0.76,127152,119232,14457583332,5779231103
jobqueue,mixed,elixir,1,5.3075,2.04,0.88,122800,114880,15073666387,5988670226
jobqueue,mixed,elixir,1,5.3029,2.08,0.89,130704,122784,15152347072,6065465629
jobqueue,mixed,elixir,1,5.2772,1.96,0.76,122768,114832,14461322930,5772039763
jobqueue,mixed,elixir,1,5.3140,2.03,0.85,128528,120608,15114406659,6003754254
jobqueue,mixed,elixir_s1,1,5.3240,1.61,0.15,109792,101872,11362452467,3760016903
jobqueue,mixed,elixir_s1,1,5.2991,1.61,0.15,109696,101760,11370639559,3793115489
jobqueue,mixed,elixir_s1,1,5.3253,1.61,0.15,109712,101792,11379894254,3746858319
jobqueue,mixed,elixir_s1,1,5.3246,1.63,0.16,109792,101872,11419077240,3796994501
jobqueue,mixed,elixir_s1,1,5.2960,1.6,0.15,109680,101744,11369478866,3720264546
jobqueue,storm,gem,1,1.6878,0.33,0.05,53536,52592,2517440845,697631484
jobqueue,storm,gem,1,1.6648,0.37,0.06,54080,53136,2514594695,718012691
jobqueue,storm,gem,1,1.6850,0.33,0.06,54544,53616,2513866982,701334273
jobqueue,storm,gem,1,1.7000,0.33,0.06,54336,53408,2517487084,690346043
jobqueue,storm,gem,1,1.6802,0.34,0.06,54256,53328,2512873692,703165476
jobqueue,storm,python,1,1.6419,0.45,0.03,42720,32416,4813623422,1108610321
jobqueue,storm,python,1,1.6555,0.49,0.03,42608,32304,4807975218,1136322854
jobqueue,storm,python,1,1.6819,0.54,0.03,42848,32560,4812657863,1188857131
jobqueue,storm,python,1,1.6861,0.5,0.03,42816,32512,4813644328,1144800986
jobqueue,storm,python,1,1.6751,0.5,0.03,42784,32480,4814847068,1142685599
jobqueue,storm,elixir,1,2.3039,1.28,0.42,125536,117632,11430801455,4208274275
jobqueue,storm,elixir,1,2.2785,1.29,0.43,126560,118656,11271583866,4181422963
jobqueue,storm,elixir,1,2.2793,1.24,0.44,122784,114880,11203455796,4232874575
jobqueue,storm,elixir,1,2.2948,1.26,0.48,127808,119920,11307933440,4325099268
jobqueue,storm,elixir,1,2.2334,1.24,0.41,123184,115280,11407300210,4165777145
jobqueue,storm,elixir_s1,1,2.3069,0.99,0.07,109648,101728,9223992724,2772692287
jobqueue,storm,elixir_s1,1,2.3303,0.98,0.07,109680,101760,9232352610,2762618135
jobqueue,storm,elixir_s1,1,2.3061,0.98,0.07,109664,101760,9220004861,2769976213
jobqueue,storm,elixir_s1,1,2.3296,0.98,0.07,109600,101664,9224387813,2785050991
jobqueue,storm,elixir_s1,1,2.3342,0.99,0.07,109808,101872,9226490656,2756707797
jobqueue,backlog,gem,1,13.7830,3.72,0.52,396928,396128,23962820872,7325902267
jobqueue,backlog,gem,1,13.7720,3.77,0.5,396976,396176,23891890078,7244781753
jobqueue,backlog,gem,1,13.7927,3.86,0.53,401040,400240,23913189121,7455752109
jobqueue,backlog,gem,1,13.8648,3.8,0.52,402992,402192,23915006904,7382778672
jobqueue,backlog,gem,1,13.8051,3.79,0.51,402176,401376,23933226831,7305880685
jobqueue,backlog,python,1,12.7154,5.07,0.25,177008,166784,42459916114,10668929981
jobqueue,backlog,python,1,12.7239,5.0,0.25,177696,167488,42464090411,10567167626
jobqueue,backlog,python,1,12.6781,5.02,0.25,176944,166720,42398768535,10578474969
jobqueue,backlog,python,1,12.6939,5.07,0.25,177376,167168,42398668713,10536394982
jobqueue,backlog,python,1,12.7424,5.13,0.25,177104,166880,42438667460,10719237088
jobqueue,backlog,elixir,1,16.3562,14.29,1.72,234752,226960,118333746248,42809770714
jobqueue,backlog,elixir,1,16.3839,14.5,1.71,245472,237632,116880688469,43647743148
jobqueue,backlog,elixir,1,16.3216,14.45,1.65,248016,240208,116934373651,43579478853
jobqueue,backlog,elixir,1,16.3308,14.2,1.66,242096,234272,118483069826,42493969778
jobqueue,backlog,elixir,1,16.3982,14.36,1.68,230480,222672,118285935073,42873266215
jobqueue,backlog,elixir_s1,1,16.8882,11.55,0.24,223952,216112,84421525482,34346303085
jobqueue,backlog,elixir_s1,1,16.6658,10.9,0.25,228896,221040,87517721789,31916174847
jobqueue,backlog,elixir_s1,1,16.8927,11.53,0.25,226352,218512,84585453843,34307290195
jobqueue,backlog,elixir_s1,1,16.6262,10.86,0.25,211360,203520,87575053369,31867561780
jobqueue,backlog,elixir_s1,1,16.6177,10.83,0.25,231712,223904,87642464988,31566874901
