elapsed_s,rss_kb
0,4048
0,6160
1,6016
1,5856
2,6400
2,7088
3,6240
3,6928
4,7664
4,6992
5,7328
5,11888
6,12112
6,12224
7,12640
7,12832
8,12848
8,11872
9,11424
9,12912
10,12624
10,13296
11,12656
11,12592
12,12880
12,12192
13,13968
13,13680
14,13856
15,12624
15,14608
16,13344
16,12976
17,14080
17,14192
18,15808
18,14416
19,12704
19,13872
20,14704
20,14640
21,14336
21,13552
22,13664
22,13712
23,15584
23,15552
24,15216
24,15152
25,15152
25,14704
26,14576
26,16096
27,14176
27,15248
28,15456
28,15408
29,15104
30,15984
30,16416
31,16464
31,15200
32,15312
32,16432
33,14960
33,17760
34,16352
34,16336
35,16112
35,15088
36,16016
36,12960
37,14736
37,14304
38,15040
38,15200
39,14832
39,14208
40,14704
40,13888
41,15248
41,13536
42,14528
42,13280
43,14208
44,14528
44,16240
45,13648
45,14128
46,15664
46,13152
47,15568
47,13984
48,14816
48,14288
49,14000
49,14320
50,14752
50,15024
51,14992
51,13536
52,13712
52,15408
53,15824
53,14576
54,14464
54,13456
55,15264
55,16384
56,15088
56,15904
57,14432
57,14304
58,14832
59,14368
59,14128
60,14480
60,14576
61,15088
61,14832
62,15472
62,14352
63,15456
63,15152
64,15696
64,16752
65,15072
65,9952
66,11120
66,10256
67,10064
67,10304
68,11328
68,9600
69,11552
69,11568
70,11872
70,10608
71,10880
71,11392
72,11552
73,10992
73,11200
74,10624
74,11952
75,11792
75,11408
76,11136
76,10736
77,12560
77,11920
78,11280
78,11184
79,11760
79,12384
80,11472
80,13488
81,11360
81,12336
82,12272
82,12960
83,11744
83,12880
84,13312
84,12768
85,13104
85,12096
86,12624
87,13088
87,12912
88,13184
88,12992
89,13280
89,12960
90,12400
90,12048
91,13616
91,13568
92,12640
92,13184
93,13200
93,13888
94,13184
94,13856
95,13600
95,13312
96,13392
96,13712
97,13616
97,10864
98,10208
98,11408
99,11712
99,11744
100,11280
100,12752
101,12112
102,11776
102,11984
103,11520
103,12048
104,12336
104,11632
105,12864
105,13360
106,11312
106,12432
107,11312
107,12336
108,12368
108,13072
109,11968
109,12928
110,11968
110,12752
111,12576
111,12608
112,13424
112,13008
113,12592
113,13120
114,12848
114,12640
115,13664
115,13696
116,12560
117,14240
117,12800
118,14192
118,13728
119,12304
119,13152
120,13200
120,13504
121,14128
121,14288
122,13152
122,13040
123,14288
123,13488
124,15312
124,13824
125,15200
125,13904
126,14000
126,14752
127,15072
127,15024
128,14128
128,15296
129,14624
129,9664
130,10208
130,9376
131,11024
131,10880
132,11168
133,10656
133,9856
134,11952
134,10272
135,11040
135,11440
136,11856
136,11024
137,10560
137,11200
138,10560
138,12080
139,10880
139,11696
140,10672
140,12352
141,11376
141,10864
142,11696
142,12352
143,11616
143,11504
144,12304
144,12816
145,11968
145,12832
146,12496
146,11488
147,12480
147,12240
148,11536
149,12800
149,12928
150,12400
150,12256
151,13680
151,12560
152,12752
152,13168
153,12976
153,13680
154,14512
154,12800
155,13232
155,13616
156,13440
156,12448
157,14192
157,13472
158,13472
158,13152
159,12448
159,14560
160,13568
160,13856
161,13168
161,12240
162,12624
162,12144
163,12064
164,11472
164,11696
165,11632
165,12016
166,12352
166,11376
167,11504
167,11328
168,12000
168,12016
169,11664
169,11504
170,13520
170,11504
171,12656
171,11456
172,13280
172,12160
173,12768
173,12832
174,12848
174,12688
175,12016
175,12720
176,13360
176,13360
177,13744
178,12992
178,13088
179,13552
179,12912
180,14160
180,13200
181,12816
181,13264
182,14432
182,13104
183,12800
183,13616
184,14224
184,13792
185,14224
185,14288
186,15184
186,13376
187,15232
187,14320
188,13888
188,13600
189,13920
189,13264
190,13584
190,14352
191,14352
191,13952
192,13808
193,14960
193,12672
194,10848
194,10432
195,10656
195,11232
196,10144
196,11056
197,12000
197,10080
198,10720
198,10752
199,11920
199,10384
200,10464
200,12192
201,10736
201,11104
202,12256
202,11360
203,11072
203,11616
204,11920
204,10656
205,11728
205,12208
206,12112
206,11680
207,11856
208,11744
208,10608
209,12400
209,11968
210,10960
210,12832
211,12544
211,13472
212,13760
212,12416
213,12672
213,12992
214,13392
214,12448
215,13136
215,12928
216,14032
216,13056
217,13456
217,12128
218,13168
218,13248
219,12416
219,14240
220,14080
220,14896
221,13184
221,13360
222,13440
223,13232
223,13328
224,14688
224,12736
225,14256
225,12576
226,11744
226,12848
227,11824
227,10864
228,13040
228,11328
229,12032
229,11968
230,12512
230,12704
231,12000
231,12416
232,10864
232,11744
233,11456
233,12080
234,12208
234,12768
235,12944
235,11248
236,13040
236,13072
237,12560
238,12896
238,12240
239,13264
239,13152
240,12656
240,13488
241,12032
241,11840
242,12528
242,12720
243,13568
243,14144
244,12272
244,13776
245,13152
245,13904
246,13776
246,13152
247,12656
247,13360
248,13328
248,14320
249,12832
249,13472
250,14576
250,14320
251,14640
251,13728
252,14784
252,13936
253,14640
254,13520
254,14128
255,14096
255,14256
256,14832
256,14096
257,15360
257,13216
258,9952
258,12352
259,10032
259,9648
260,11504
260,10176
261,11696
261,10336
262,10960
262,11408
263,10672
263,10304
264,11504
264,11696
265,11184
265,10432
266,9904
266,12128
267,11104
267,10320
268,12992
269,12240
269,11664
270,11856
270,11920
271,10672
271,11984
272,12384
272,11216
273,10752
273,13168
274,12864
274,11904
275,12560
275,12704
276,12624
276,10992
277,13312
277,12064
278,12128
278,12048
279,11472
279,12912
280,12160
280,13264
281,13456
281,13680
282,12816
282,12080
283,13072
284,12976
284,13824
285,13392
285,13552
286,13984
286,14208
287,12896
287,13840
288,14432
288,13872
289,13952
289,13840
290,11648
290,10704
291,11680
291,11504
292,12400
292,11520
293,10752
293,12496
294,12608
294,11792
295,12928
295,11696
296,12640
296,11984
297,12048
297,12240
298,11712
299,13328
299,12224
300,12320
300,13248
301,11664
301,13216
302,12144
302,12864
303,12384
303,12496
304,13856
304,13072
305,13920
305,12832
306,13984
306,13056
307,12032
307,13696
308,13104
308,12992
309,13008
309,11600
310,13232
310,13040
311,13296
311,12496
312,14304
312,13472
313,13968
314,14112
314,14688
315,14592
315,13968
316,14176
316,13776
317,14208
317,15008
318,14048
318,13824
319,14416
319,14608
320,15552
320,13680
321,13136
321,12544
322,10848
322,10096
323,10784
323,12144
324,10144
324,11856
325,11040
325,11888
326,11072
326,10512
327,10768
327,10016
328,11584
329,12112
329,12480
330,11344
330,12112
331,11456
331,13152
332,11296
332,11840
333,12160
333,12032
334,12336
334,11680
335,12288
335,11632
336,12272
336,12496
337,11808
337,12768
338,12752
338,12064
339,12464
339,11872
340,11152
340,13120
341,12304
341,12480
342,11072
342,12112
343,12672
344,12160
344,13104
345,11920
345,13264
346,12848
346,12880
347,14448
347,13040
348,14080
348,13168
349,11872
349,12096
350,14272
350,13792
351,13376
351,13984
352,13456
352,13312
353,14896
353,10672
354,11616
354,11168
355,12432
355,11232
356,12400
356,11232
357,11952
357,12576
358,13104
359,12000
359,13024
360,12576
360,11616
361,12336
361,13040
362,13008
362,12080
363,12544
363,12496
364,12960
364,12128
365,12608
365,9488
366,10480
366,10512
367,11248
367,11376
368,11136
368,11696
369,11296
369,14576
370,12400
370,12368
371,13056
371,11616
372,13536
372,12816
373,12464
373,14336
374,12480
375,12144
375,13168
